timestamp,patients_arrived,ambulance_arrivals,patients_waiting,patients_treated,beds_total,beds_occupied,beds_available,doctors_available,nurses_available,support_staff_available,average_wait_time,average_treatment_time,admissions,discharges,arrival_rate_per_hour,treatment_rate_per_hour,bed_occupancy_rate,staff_capacity_score,congestion_score,high_congestion_next_60min
2026-09-01 00:00,0,0,0,6,70,36,34,8,16,6,18.0,32.7,1,1,16,23,0.5143,0.5267,8.7,0
2026-09-01 00:15,1,0,0,1,70,36,34,8,16,5,18.1,32.5,0,0,12,18,0.5143,0.51,9.0,0
2026-09-01 00:30,0,0,0,0,70,35,35,8,17,8,17.7,33.2,0,1,6,13,0.5,0.575,7.0,0
2026-09-01 00:45,0,0,0,0,70,34,36,8,18,6,17.1,34.4,0,1,1,7,0.4857,0.5567,6.1,0
2026-09-01 01:00,1,0,0,1,70,34,36,10,18,6,17.6,34.5,0,0,2,2,0.4857,0.6033,7.3,0
2026-09-01 01:15,1,0,0,1,70,34,36,7,16,5,19.1,35.4,1,1,2,2,0.4857,0.4867,9.7,0
2026-09-01 01:30,0,0,0,0,70,34,36,8,16,5,20.0,36.4,0,0,2,2,0.4857,0.51,9.8,0
2026-09-01 01:45,3,0,0,3,70,33,37,8,17,6,19.9,36.3,0,1,5,5,0.4714,0.5417,8.9,0
2026-09-01 02:00,2,0,0,2,70,33,37,8,15,6,20.3,37.0,0,0,6,6,0.4714,0.5117,9.6,0
2026-09-01 02:15,2,0,0,2,70,33,37,8,17,7,20.1,37.1,0,0,7,7,0.4714,0.5583,8.8,0
2026-09-01 02:30,0,0,0,0,70,32,38,8,16,5,20.3,36.0,0,1,7,7,0.4571,0.51,9.6,0
2026-09-01 02:45,1,0,0,1,70,32,38,7,18,6,19.7,36.2,0,0,5,5,0.4571,0.5333,8.9,0
2026-09-01 03:00,2,0,0,2,70,32,38,8,16,6,20.2,35.8,1,1,5,5,0.4571,0.5267,9.3,0
2026-09-01 03:15,0,0,0,0,70,31,39,9,15,6,21.2,36.4,0,1,3,3,0.4429,0.535,9.6,0
2026-09-01 03:30,0,0,0,0,70,30,40,8,16,6,20.3,36.2,0,1,3,3,0.4286,0.5267,9.3,0
2026-09-01 03:45,1,0,0,1,70,29,41,9,15,6,19.2,35.5,0,1,3,3,0.4143,0.535,8.7,0
2026-09-01 04:00,1,0,0,1,70,29,41,8,17,6,20.6,35.8,0,0,2,2,0.4143,0.5417,9.3,0
2026-09-01 04:15,2,0,0,2,70,29,41,7,17,5,20.0,36.0,1,1,4,4,0.4143,0.5017,9.6,0
2026-09-01 04:30,3,0,0,3,70,29,41,7,16,7,19.3,36.5,0,0,7,7,0.4143,0.52,9.0,0
2026-09-01 04:45,4,1,0,4,70,29,41,8,16,6,19.6,35.8,1,1,10,10,0.4143,0.5267,9.0,0
2026-09-01 05:00,2,0,0,2,70,29,41,8,17,5,20.2,36.4,1,1,11,11,0.4143,0.525,9.3,0
2026-09-01 05:15,5,1,0,5,70,30,40,7,18,7,20.1,36.4,2,1,14,14,0.4286,0.55,8.9,0
2026-09-01 05:30,0,0,0,0,70,30,40,7,15,6,20.8,35.7,0,0,11,11,0.4286,0.4883,10.1,0
2026-09-01 05:45,3,0,0,3,70,31,39,8,17,6,21.9,36.1,1,0,10,10,0.4429,0.5417,9.9,0
2026-09-01 06:00,1,0,0,1,70,30,40,7,17,6,20.6,36.0,0,1,9,9,0.4286,0.5183,9.6,0
2026-09-01 06:15,5,1,0,5,70,30,40,8,16,7,21.1,35.7,0,0,9,9,0.4286,0.5433,9.5,0
2026-09-01 06:30,2,0,0,2,70,30,40,8,17,5,21.9,36.5,0,0,11,11,0.4286,0.525,10.1,0
2026-09-01 06:45,3,0,0,3,70,30,40,8,16,6,21.8,36.5,1,1,11,11,0.4286,0.5267,10.1,0
2026-09-01 07:00,6,1,0,6,70,31,39,13,29,10,19.5,35.8,1,0,16,16,0.4429,0.905,3.4,0
2026-09-01 07:15,5,1,0,5,70,31,39,14,28,11,17.8,35.5,1,1,16,16,0.4429,0.93,2.4,0
2026-09-01 07:30,5,1,0,5,70,32,38,15,26,11,17.1,35.0,2,1,19,19,0.4571,0.9233,2.4,0
2026-09-01 07:45,5,1,0,5,70,32,38,14,27,11,16.1,34.4,1,1,21,21,0.4571,0.915,2.5,0
2026-09-01 08:00,2,0,0,2,70,31,39,14,26,11,15.0,34.4,1,2,17,17,0.4429,0.9,1.8,0
2026-09-01 08:15,6,1,0,6,70,32,38,14,28,11,14.5,33.8,2,1,18,18,0.4571,0.93,1.6,0
2026-09-01 08:30,6,1,0,6,70,31,39,14,27,11,14.4,33.8,1,2,19,19,0.4429,0.915,1.9,0
2026-09-01 08:45,4,1,0,4,70,32,38,15,27,10,13.5,33.6,2,1,18,18,0.4571,0.9217,1.6,0
2026-09-01 09:00,9,1,0,9,70,31,39,13,26,10,14.2,33.4,1,2,25,25,0.4429,0.86,4.3,0
2026-09-01 09:15,2,0,0,2,70,31,39,13,29,10,15.0,33.7,1,1,21,21,0.4429,0.905,2.6,0
2026-09-01 09:30,5,1,0,5,70,30,40,14,25,9,14.6,34.3,1,2,20,20,0.4286,0.8517,3.1,0
2026-09-01 09:45,4,1,0,4,70,31,39,15,27,10,13.4,33.2,1,0,20,20,0.4429,0.9217,2.1,0
2026-09-01 10:00,7,1,0,7,70,31,39,14,28,12,11.8,33.2,2,2,18,18,0.4429,0.9467,1.6,0
2026-09-01 10:15,5,1,0,5,70,31,39,13,28,11,12.0,32.8,1,1,21,21,0.4429,0.9067,2.6,0
2026-09-01 10:30,3,0,0,3,70,30,40,14,26,12,12.7,33.3,1,2,19,19,0.4286,0.9167,1.9,0
2026-09-01 10:45,4,0,0,4,70,30,40,14,26,10,12.8,33.9,1,1,19,19,0.4286,0.8833,2.4,0
2026-09-01 11:00,3,0,0,3,70,28,42,13,27,12,12.3,33.6,0,2,15,15,0.4,0.9083,1.7,0
2026-09-01 11:15,6,1,0,6,70,28,42,14,28,11,13.1,34.5,1,1,16,16,0.4,0.93,1.6,0
2026-09-01 11:30,4,0,0,4,70,26,44,13,28,10,13.4,34.2,0,2,17,17,0.3714,0.89,2.0,0
2026-09-01 11:45,8,1,0,8,70,25,45,14,27,10,13.5,33.4,1,2,21,21,0.3571,0.8983,2.7,0
2026-09-01 12:00,3,0,0,3,70,25,45,14,25,10,13.9,32.8,1,1,21,21,0.3571,0.8683,3.1,0
2026-09-01 12:15,8,1,0,8,70,24,46,14,29,9,13.6,32.8,2,3,23,23,0.3429,0.9117,3.0,0
2026-09-01 12:30,10,1,0,10,70,23,47,14,28,10,13.7,32.6,2,3,29,29,0.3286,0.9133,4.7,0
2026-09-01 12:45,7,1,0,7,70,23,47,15,24,11,13.2,32.1,2,2,28,28,0.3286,0.8933,4.7,0
2026-09-01 13:00,7,1,0,7,70,22,48,15,26,11,13.7,31.6,1,2,32,32,0.3143,0.9233,5.4,0
2026-09-01 13:15,8,1,0,8,70,21,49,15,29,11,13.4,31.6,2,3,32,32,0.3,0.9683,5.4,0
2026-09-01 13:30,8,1,0,8,70,21,49,15,28,11,12.1,32.4,2,2,30,30,0.3,0.9533,4.8,0
2026-09-01 13:45,8,1,0,8,70,22,48,14,26,10,12.9,32.2,2,1,31,31,0.3143,0.8833,5.6,0
2026-09-01 14:00,7,1,0,7,70,21,49,15,25,10,12.8,32.3,1,2,31,31,0.3,0.8917,5.5,0
2026-09-01 14:15,7,1,0,7,70,22,48,15,26,12,12.6,32.2,2,1,30,30,0.3143,0.94,4.8,0
2026-09-01 14:30,3,0,0,3,70,21,49,14,26,10,13.1,31.6,1,2,25,25,0.3,0.8833,4.0,0
2026-09-01 14:45,7,1,0,7,70,20,50,14,27,11,12.2,31.2,1,3,24,24,0.2857,0.915,3.3,0
2026-09-01 15:00,11,1,3,8,70,21,49,13,21,9,13.6,31.3,3,2,28,25,0.3,0.7683,8.8,0
2026-09-01 15:15,4,0,0,7,70,21,49,11,23,7,14.6,32.1,2,2,25,25,0.3,0.7183,6.4,0
2026-09-01 15:30,5,0,0,5,70,21,49,11,22,8,13.5,32.8,1,1,27,27,0.3,0.72,6.9,0
2026-09-01 15:45,5,0,0,5,70,21,49,11,26,9,14.2,32.4,2,2,25,25,0.3,0.7967,5.3,0
2026-09-01 16:00,8,1,0,8,70,21,49,12,25,8,14.6,32.6,1,1,22,25,0.3,0.7883,3.0,0
2026-09-01 16:15,9,1,0,9,70,22,48,13,24,9,14.5,32.5,3,2,27,27,0.3143,0.8133,5.6,0
2026-09-01 16:30,5,0,0,5,70,21,49,13,23,8,14.0,32.6,1,2,27,27,0.3,0.7817,6.0,0
2026-09-01 16:45,6,0,0,6,70,20,50,12,21,8,13.4,33.3,1,2,28,28,0.2857,0.7283,7.1,0
2026-09-01 17:00,6,0,0,6,70,20,50,14,23,8,12.5,33.5,0,0,26,26,0.2857,0.805,5.4,0
2026-09-01 17:15,8,0,0,8,70,22,48,12,22,10,12.2,34.0,2,0,25,25,0.3143,0.7767,5.5,0
2026-09-01 17:30,8,0,0,8,70,23,47,13,22,8,11.8,33.9,2,1,28,28,0.3286,0.7667,6.5,0
2026-09-01 17:45,6,0,0,6,70,26,44,11,22,9,11.8,34.5,3,0,28,28,0.3714,0.7367,6.9,0
2026-09-01 18:00,14,1,6,8,70,27,43,12,25,9,14.3,34.6,2,1,36,30,0.3857,0.805,15.7,0
2026-09-01 18:15,12,1,10,8,70,28,42,12,23,8,18.2,34.6,2,1,40,30,0.4,0.7583,25.5,0
2026-09-01 18:30,9,1,11,8,70,30,40,13,22,9,21.4,35.6,3,1,41,30,0.4286,0.7833,28.4,0
2026-09-01 18:45,8,0,12,7,70,30,40,11,21,9,23.7,36.3,2,2,43,31,0.4286,0.7217,32.1,0
2026-09-01 19:00,13,1,17,8,70,31,39,13,23,8,27.7,36.0,3,2,42,31,0.4429,0.7817,37.2,0
2026-09-01 19:15,7,0,16,8,70,32,38,12,22,8,32.7,35.6,2,1,37,31,0.4571,0.7433,34.4,0
2026-09-01 19:30,5,0,12,9,70,34,36,13,22,9,33.2,36.4,3,1,33,32,0.4857,0.7833,25.6,0
2026-09-01 19:45,7,0,11,8,70,35,35,11,23,8,33.9,36.5,2,1,32,33,0.5,0.735,24.7,0
2026-09-01 20:00,10,1,12,9,70,36,34,12,24,8,33.2,36.6,2,1,29,34,0.5143,0.7733,24.0,0
2026-09-01 20:15,9,1,11,10,70,38,32,12,22,8,32.6,36.9,2,0,31,36,0.5429,0.7433,25.5,0
2026-09-01 20:30,13,1,17,7,70,38,32,12,25,8,34.0,37.0,2,2,39,34,0.5429,0.7633,39.2,0
2026-09-01 20:45,10,1,19,8,70,39,31,12,23,8,36.9,36.3,2,1,42,34,0.5571,0.7183,46.6,0
2026-09-01 21:00,7,1,18,8,70,40,30,13,22,7,39.0,37.0,2,1,39,33,0.5714,0.71,45.8,0
2026-09-01 21:15,5,0,13,10,70,42,28,13,23,9,37.6,37.3,2,0,35,33,0.6,0.7733,36.9,0
2026-09-01 21:30,7,1,12,8,70,42,28,12,23,9,36.4,36.9,1,1,29,34,0.6,0.755,30.9,0
2026-09-01 21:45,11,1,16,7,70,41,29,13,23,9,36.6,37.0,1,2,30,33,0.5857,0.7633,34.1,0
2026-09-01 22:00,10,1,16,10,70,42,28,13,23,9,36.1,36.3,2,1,33,35,0.6,0.7583,35.6,0
2026-09-01 22:15,3,0,13,6,70,43,27,13,22,8,35.5,37.7,2,1,31,31,0.6143,0.7367,34.6,0
2026-09-01 22:30,2,0,5,10,70,46,24,13,23,7,33.6,38.1,3,0,26,33,0.6571,0.76,25.3,0
2026-09-01 22:45,4,0,1,8,70,46,24,12,24,8,28.1,37.5,1,1,19,34,0.6571,0.7733,18.7,0
2026-09-01 23:00,3,0,0,4,70,47,23,8,18,7,25.7,37.1,1,0,12,28,0.6714,0.5733,21.0,0
2026-09-01 23:15,4,0,0,4,70,47,23,8,17,5,25.1,37.8,1,1,13,26,0.6714,0.525,21.4,0
2026-09-01 23:30,4,0,0,4,70,47,23,8,17,6,23.4,38.7,1,1,15,20,0.6714,0.5417,20.4,0
2026-09-01 23:45,1,0,0,1,70,47,23,8,17,5,22.4,38.9,1,1,12,13,0.6714,0.525,20.9,0
2026-09-02 00:00,1,0,0,1,70,45,25,8,16,7,21.0,39.7,0,2,10,10,0.6429,0.5433,19.1,0
2026-09-02 00:15,1,0,0,1,70,45,25,9,16,6,20.0,39.0,0,0,7,7,0.6429,0.55,18.5,0
2026-09-02 00:30,3,0,0,3,70,46,24,8,16,6,21.1,39.3,1,0,6,6,0.6571,0.5267,20.2,0
2026-09-02 00:45,0,0,0,0,70,45,25,8,16,6,20.2,39.4,0,1,5,5,0.6429,0.5267,18.9,0
2026-09-02 01:00,2,0,0,2,70,45,25,9,16,7,20.6,39.4,0,0,6,6,0.6429,0.5667,18.5,0
2026-09-02 01:15,0,0,0,0,70,44,26,10,17,6,19.1,38.8,0,1,5,5,0.6286,0.5883,16.6,0
2026-09-02 01:30,1,0,0,1,70,45,25,8,16,6,19.8,38.9,1,0,3,3,0.6429,0.5267,18.7,0
2026-09-02 01:45,1,0,0,1,70,44,26,8,16,6,20.2,39.2,0,1,4,4,0.6286,0.5267,18.1,0
2026-09-02 02:00,3,0,0,3,70,44,26,8,16,5,22.0,39.1,1,1,5,5,0.6286,0.51,19.2,0
2026-09-02 02:15,0,0,0,0,70,44,26,8,17,5,21.5,39.4,0,0,5,5,0.6286,0.525,18.7,0
2026-09-02 02:30,1,0,0,1,70,43,27,8,17,6,22.0,39.9,0,1,5,5,0.6143,0.5417,17.9,0
2026-09-02 02:45,2,0,0,2,70,43,27,8,18,6,21.4,39.3,0,0,6,6,0.6143,0.5567,17.4,0
2026-09-02 03:00,2,0,0,2,70,43,27,8,16,5,20.3,38.4,0,0,5,5,0.6143,0.51,17.5,0
2026-09-02 03:15,0,0,0,0,70,43,27,8,17,6,20.1,37.9,0,0,5,5,0.6143,0.5417,17.0,0
2026-09-02 03:30,1,0,0,1,70,42,28,7,16,5,21.2,37.7,0,1,5,5,0.6,0.4867,17.4,0
2026-09-02 03:45,4,1,2,2,70,40,30,6,16,5,27.3,37.6,0,2,7,5,0.5714,0.4633,20.6,0
2026-09-02 04:00,2,0,0,4,70,39,31,10,16,6,25.0,38.5,0,1,7,7,0.5571,0.5733,15.5,0
2026-09-02 04:15,0,0,0,0,70,39,31,8,17,6,24.4,38.1,0,0,7,7,0.5571,0.5417,15.6,0
2026-09-02 04:30,1,0,0,1,70,40,30,7,17,7,22.2,38.9,1,0,7,7,0.5714,0.535,15.5,0
2026-09-02 04:45,2,0,0,2,70,39,31,8,16,7,22.0,39.0,1,2,5,7,0.5571,0.5433,12.9,0
2026-09-02 05:00,1,0,0,1,70,39,31,7,17,6,21.9,38.9,0,0,4,4,0.5571,0.5183,14.8,0
2026-09-02 05:15,3,0,0,3,70,40,30,8,16,6,22.2,38.8,1,0,7,7,0.5714,0.5267,15.6,0
2026-09-02 05:30,3,0,0,3,70,40,30,9,17,5,22.0,38.9,1,1,9,9,0.5714,0.5483,15.2,0
2026-09-02 05:45,3,0,0,3,70,41,29,8,15,6,21.8,39.3,2,1,10,10,0.5857,0.5117,16.5,0
2026-09-02 06:00,3,0,0,3,70,42,28,8,17,6,21.3,38.5,1,0,12,12,0.6,0.5417,16.7,0
2026-09-02 06:15,2,0,0,2,70,41,29,9,18,6,20.4,38.6,0,1,11,11,0.5857,0.58,14.9,0
2026-09-02 06:30,6,1,2,4,70,43,27,7,16,6,23.5,38.4,2,0,14,12,0.6143,0.5033,20.7,0
2026-09-02 06:45,1,0,0,3,70,43,27,8,16,7,23.6,39.0,2,2,12,12,0.6143,0.5433,18.6,0
2026-09-02 07:00,1,0,0,1,70,44,26,14,28,10,21.6,38.9,1,0,10,10,0.6286,0.9133,13.1,0
2026-09-02 07:15,2,0,0,2,70,44,26,12,28,10,18.7,39.4,1,1,10,10,0.6286,0.8667,12.4,0
2026-09-02 07:30,4,1,0,4,70,44,26,15,28,10,16.9,39.2,0,0,8,10,0.6286,0.9367,9.2,0
2026-09-02 07:45,5,1,0,5,70,45,25,13,27,11,13.9,38.7,1,0,12,12,0.6429,0.8917,11.6,0
2026-09-02 08:00,4,1,0,4,70,45,25,15,28,11,13.1,37.9,1,1,15,15,0.6429,0.9533,11.2,0
2026-09-02 08:15,3,0,0,3,70,43,27,14,27,11,13.6,37.4,0,2,16,16,0.6143,0.915,9.6,0
2026-09-02 08:30,6,1,0,6,70,42,28,14,28,9,12.9,37.0,1,2,18,18,0.6,0.8967,9.0,0
2026-09-02 08:45,5,1,0,5,70,41,29,14,26,11,12.8,36.4,1,2,18,18,0.5857,0.9,8.1,0
2026-09-02 09:00,4,1,0,4,70,40,30,13,27,10,12.4,35.9,1,2,18,18,0.5714,0.875,7.6,0
2026-09-02 09:15,8,1,0,8,70,41,29,14,26,11,12.6,36.4,2,1,23,23,0.5857,0.9,9.5,0
2026-09-02 09:30,6,1,0,6,70,41,29,13,27,11,12.4,36.9,2,2,23,23,0.5857,0.8917,9.6,0
2026-09-02 09:45,7,1,0,7,70,40,30,14,28,11,14.0,36.1,1,2,25,25,0.5714,0.93,8.9,0
2026-09-02 10:00,6,1,0,6,70,39,31,14,29,10,15.0,36.1,1,2,27,27,0.5571,0.9283,8.6,0
2026-09-02 10:15,7,1,0,7,70,37,33,13,28,11,14.9,35.5,1,3,26,26,0.5286,0.9067,6.8,0
2026-09-02 10:30,8,1,1,7,70,35,35,14,27,10,14.6,35.4,1,3,28,27,0.5,0.8983,6.6,0
2026-09-02 10:45,6,1,0,7,70,36,34,14,27,11,14.7,35.7,2,1,27,27,0.5143,0.915,6.1,0
2026-09-02 11:00,6,1,0,6,70,35,35,13,28,11,14.5,35.6,1,2,27,27,0.5,0.9067,5.4,0
2026-09-02 11:15,5,1,0,5,70,34,36,14,26,11,14.4,36.3,1,2,25,25,0.4857,0.9,4.1,0
2026-09-02 11:30,5,1,0,5,70,33,37,14,27,10,14.0,35.9,2,3,22,23,0.4714,0.8983,2.2,0
2026-09-02 11:45,8,1,0,8,70,34,36,14,28,10,14.3,35.7,3,2,24,24,0.4857,0.9133,3.6,0
2026-09-02 12:00,5,0,0,5,70,33,37,15,26,11,15.0,35.7,1,2,23,23,0.4714,0.9233,2.9,0
2026-09-02 12:15,3,0,0,3,70,33,37,15,27,10,14.8,34.8,1,1,21,21,0.4714,0.9217,2.4,0
2026-09-02 12:30,1,0,0,1,70,32,38,13,26,10,14.7,36.1,1,2,17,17,0.4571,0.86,2.4,0
2026-09-02 12:45,8,1,0,8,70,32,38,14,27,10,13.0,35.0,1,1,17,17,0.4571,0.8983,1.9,0
2026-09-02 13:00,3,0,0,3,70,30,40,14,28,9,14.2,35.2,0,2,15,15,0.4286,0.8967,1.9,0
2026-09-02 13:15,4,0,0,4,70,29,41,14,26,9,14.7,35.5,1,2,16,16,0.4143,0.8667,2.3,0
2026-09-02 13:30,6,1,0,6,70,28,42,15,25,11,14.2,34.2,1,2,21,21,0.4,0.9083,2.5,0
2026-09-02 13:45,10,1,1,9,70,28,42,14,27,11,13.2,33.6,2,2,23,22,0.4,0.915,3.8,0
2026-09-02 14:00,6,0,0,7,70,27,43,13,28,12,12.8,33.4,2,3,26,26,0.3857,0.9233,3.7,0
2026-09-02 14:15,7,1,0,7,70,27,43,13,26,11,12.5,33.3,2,2,29,29,0.3857,0.8767,5.2,0
2026-09-02 14:30,11,1,0,11,70,28,42,14,27,10,11.8,33.4,2,1,34,34,0.4,0.8983,6.2,0
2026-09-02 14:45,4,0,0,4,70,27,43,15,30,11,12.2,33.5,0,1,28,29,0.3857,0.9833,3.5,0
2026-09-02 15:00,10,1,2,8,70,29,41,13,21,8,13.4,33.9,3,1,32,30,0.4143,0.7517,9.4,0
2026-09-02 15:15,8,1,2,8,70,28,42,13,23,9,13.2,33.5,2,3,33,31,0.4,0.7983,9.0,0
2026-09-02 15:30,11,1,7,6,70,28,42,12,22,9,16.7,34.1,2,2,33,26,0.4,0.76,17.6,0
2026-09-02 15:45,7,1,5,9,70,28,42,14,23,10,18.3,34.4,2,2,36,31,0.4,0.8383,14.6,0
2026-09-02 16:00,6,0,2,9,70,28,42,12,22,9,17.3,34.2,2,2,32,32,0.4,0.76,8.3,0
2026-09-02 16:15,5,0,0,7,70,28,42,11,23,9,16.8,34.2,1,1,29,31,0.4,0.7517,5.8,0
2026-09-02 16:30,10,1,3,7,70,27,43,12,21,9,17.7,34.5,1,2,28,32,0.3857,0.745,6.1,0
2026-09-02 16:45,6,0,0,9,70,27,43,12,25,8,16.5,34.3,2,2,27,32,0.3857,0.7883,4.6,0
2026-09-02 17:00,8,0,0,8,70,28,42,12,23,9,15.6,35.3,2,1,29,31,0.4,0.775,5.1,0
2026-09-02 17:15,9,1,1,8,70,30,40,13,22,9,13.4,35.2,2,0,33,32,0.4286,0.7833,8.4,0
2026-09-02 17:30,9,1,3,7,70,31,39,11,23,8,14.0,34.9,2,1,32,32,0.4429,0.735,8.1,0
2026-09-02 17:45,7,0,2,8,70,31,39,13,24,9,13.6,34.3,1,1,33,31,0.4429,0.8133,8.8,0
2026-09-02 18:00,8,0,4,6,70,32,38,12,20,9,15.8,34.8,2,1,33,29,0.4571,0.73,12.5,0
2026-09-02 18:15,2,0,0,6,70,34,36,12,22,9,15.5,35.2,2,0,26,27,0.4857,0.76,5.6,0
2026-09-02 18:30,12,1,5,7,70,34,36,10,22,8,17.3,35.2,1,1,29,27,0.4857,0.6967,12.2,0
2026-09-02 18:45,11,1,7,9,70,33,37,13,24,8,18.5,35.3,2,3,33,28,0.4714,0.7967,16.4,0
2026-09-02 19:00,7,0,6,8,70,33,37,13,23,8,18.7,35.5,2,2,32,30,0.4714,0.7817,13.1,0
2026-09-02 19:15,15,1,13,8,70,34,36,13,22,9,22.6,35.4,3,2,45,32,0.4857,0.7833,32.7,0
2026-09-02 19:30,6,0,12,7,70,35,35,11,24,9,24.3,34.7,1,0,39,32,0.5,0.7667,28.7,0
2026-09-02 19:45,9,1,12,9,70,35,35,12,23,9,26.7,34.7,1,1,37,32,0.5,0.775,27.7,0
2026-09-02 20:00,12,1,14,10,70,37,33,11,25,9,27.0,35.1,3,1,42,34,0.5286,0.7767,34.6,0
2026-09-02 20:15,8,1,15,7,70,39,31,12,23,9,29.1,34.8,2,0,35,33,0.5571,0.755,32.5,1
2026-09-02 20:30,14,1,21,8,70,40,30,11,22,9,33.2,35.5,2,1,43,34,0.5714,0.6817,48.9,1
2026-09-02 20:45,13,1,27,7,70,40,30,12,25,9,40.1,35.5,2,2,47,32,0.5714,0.72,62.1,1
2026-09-02 21:00,9,1,26,10,70,42,28,12,22,9,45.4,36.2,2,0,44,32,0.6,0.67,63.8,1
2026-09-02 21:15,9,1,27,8,70,44,26,12,23,9,49.5,36.8,2,0,45,33,0.6286,0.67,68.4,0
2026-09-02 21:30,4,0,22,9,70,46,24,12,21,9,50.6,36.4,2,0,35,34,0.6571,0.655,56.1,0
2026-09-02 21:45,8,1,22,8,70,47,23,13,22,8,49.8,36.1,3,2,30,35,0.6714,0.6717,52.6,0
2026-09-02 22:00,4,0,19,7,70,49,21,12,23,8,48.6,37.5,2,0,25,32,0.7,0.6683,49.5,0
2026-09-02 22:15,6,0,19,6,70,49,21,11,21,8,50.4,38.5,1,1,22,30,0.7,0.615,50.3,0
2026-09-02 22:30,7,1,20,6,70,50,20,11,24,9,51.8,38.0,2,1,25,27,0.7143,0.6667,52.9,0
2026-09-02 22:45,6,0,18,8,70,51,19,13,24,8,51.5,38.3,2,1,23,27,0.7286,0.7017,50.6,0
2026-09-02 23:00,0,0,14,4,70,51,19,7,16,7,51.2,39.2,2,2,19,24,0.7286,0.445,49.3,0
2026-09-02 23:15,1,0,10,5,70,51,19,8,17,6,48.9,39.1,1,1,14,23,0.7286,0.4867,43.4,0
2026-09-02 23:30,1,0,5,6,70,52,18,8,16,6,45.0,39.8,2,1,8,23,0.7429,0.4917,37.6,0
2026-09-02 23:45,1,0,1,5,70,53,17,8,15,7,40.6,41.2,2,1,3,20,0.7571,0.5083,34.1,0
2026-09-03 00:00,3,0,0,4,70,52,18,7,15,6,37.3,40.8,1,2,6,20,0.7429,0.4783,32.1,0
2026-09-03 00:15,1,0,0,1,70,51,19,8,17,6,32.5,41.4,0,1,6,16,0.7286,0.5367,28.2,0
2026-09-03 00:30,0,0,0,0,70,51,19,7,17,6,29.5,41.4,0,0,5,10,0.7286,0.5133,27.1,0
2026-09-03 00:45,1,0,0,1,70,50,20,8,17,5,27.8,40.9,0,1,5,6,0.7143,0.525,26.0,0
2026-09-03 01:00,3,0,0,3,70,51,19,8,17,5,24.9,40.9,1,0,5,5,0.7286,0.52,26.3,0
2026-09-03 01:15,3,0,0,3,70,50,20,8,17,6,22.8,41.1,0,1,7,7,0.7143,0.5417,24.2,0
2026-09-03 01:30,1,0,0,1,70,50,20,8,18,6,20.8,41.3,0,0,8,8,0.7143,0.5567,23.0,0
2026-09-03 01:45,3,0,0,3,70,51,19,8,16,6,21.3,41.7,1,0,10,10,0.7286,0.5217,24.6,0
2026-09-03 02:00,2,0,0,2,70,50,20,8,15,7,20.3,41.2,0,1,9,9,0.7143,0.5283,23.2,0
2026-09-03 02:15,1,0,0,1,70,49,21,7,17,7,21.9,40.4,0,1,7,7,0.7,0.535,23.0,0
2026-09-03 02:30,4,0,0,4,70,48,22,9,17,6,21.3,40.1,1,2,10,10,0.6857,0.565,21.4,0
2026-09-03 02:45,2,0,0,2,70,49,21,8,17,6,20.3,40.2,1,0,9,9,0.7,0.5417,22.1,0
2026-09-03 03:00,1,0,0,1,70,48,22,9,16,5,19.7,39.1,0,1,8,8,0.6857,0.5333,21.1,0
2026-09-03 03:15,1,0,0,1,70,48,22,9,18,6,18.7,39.2,1,1,8,8,0.6857,0.58,19.9,0
2026-09-03 03:30,2,0,0,2,70,47,23,8,18,6,18.2,39.5,1,2,6,6,0.6714,0.5567,19.2,0
2026-09-03 03:45,4,1,0,4,70,46,24,8,16,6,19.9,39.4,0,1,8,8,0.6571,0.5267,19.6,0
2026-09-03 04:00,1,0,0,1,70,45,25,7,16,5,19.6,40.2,0,1,8,8,0.6429,0.4867,19.2,0
2026-09-03 04:15,1,0,0,1,70,44,26,8,17,6,18.7,39.5,0,1,8,8,0.6286,0.5417,17.1,0
2026-09-03 04:30,1,0,0,1,70,43,27,8,16,6,18.5,39.7,0,1,7,7,0.6143,0.5267,16.4,0
2026-09-03 04:45,0,0,0,0,70,42,28,8,16,5,18.5,39.6,0,1,3,3,0.6,0.51,15.8,0
2026-09-03 05:00,4,1,0,4,70,42,28,7,18,6,18.1,39.3,1,1,6,6,0.6,0.5333,15.3,0
2026-09-03 05:15,2,0,0,2,70,42,28,8,16,6,19.3,40.2,1,1,7,7,0.6,0.5267,15.9,0
2026-09-03 05:30,4,1,0,4,70,43,27,9,17,7,19.2,38.9,1,0,10,10,0.6143,0.5817,15.9,0
2026-09-03 05:45,3,0,0,3,70,44,26,8,17,6,19.9,39.6,2,1,13,13,0.6286,0.5417,17.7,0
2026-09-03 06:00,2,0,0,2,70,44,26,7,16,7,20.3,40.1,1,1,11,11,0.6286,0.52,18.2,0
2026-09-03 06:15,2,0,0,2,70,45,25,9,17,5,21.2,40.8,1,0,11,11,0.6429,0.5483,19.1,0
2026-09-03 06:30,3,0,0,3,70,44,26,8,16,6,21.3,40.1,0,1,10,10,0.6286,0.5267,18.6,0
2026-09-03 06:45,3,0,0,3,70,44,26,9,16,6,20.6,39.5,0,0,10,10,0.6286,0.55,17.9,0
2026-09-03 07:00,1,0,0,1,70,43,27,14,25,10,19.3,38.6,0,1,9,9,0.6143,0.8683,11.8,0
2026-09-03 07:15,3,0,0,3,70,44,26,13,26,10,17.4,37.8,1,0,10,10,0.6286,0.86,11.9,0
2026-09-03 07:30,4,1,0,4,70,43,27,14,26,11,15.7,37.5,0,1,11,11,0.6143,0.9,9.8,0
2026-09-03 07:45,10,1,4,6,70,44,26,13,27,10,18.9,38.2,1,0,18,14,0.6286,0.875,16.4,0
2026-09-03 08:00,4,1,0,8,70,45,25,15,27,11,17.1,39.3,2,1,21,21,0.6429,0.9383,12.5,0
2026-09-03 08:15,3,0,0,3,70,44,26,13,28,9,16.4,38.6,0,1,21,21,0.6286,0.8733,12.0,0
2026-09-03 08:30,4,1,0,4,70,44,26,14,27,11,15.2,38.4,1,1,21,21,0.6286,0.915,11.2,0
2026-09-03 08:45,2,0,0,2,70,43,27,13,28,11,15.6,38.4,1,2,13,17,0.6143,0.9067,8.1,0
2026-09-03 09:00,3,0,0,3,70,42,28,14,26,10,14.9,38.4,0,1,12,12,0.6,0.8833,9.2,0
2026-09-03 09:15,7,1,0,7,70,42,28,15,27,10,16.1,38.1,1,1,16,16,0.6,0.9217,8.7,0
2026-09-03 09:30,4,1,0,4,70,42,28,14,28,10,14.9,37.9,1,1,16,16,0.6,0.9133,8.7,0
2026-09-03 09:45,6,1,0,6,70,43,27,13,28,10,14.0,37.5,2,1,20,20,0.6143,0.89,10.5,0
2026-09-03 10:00,5,1,0,5,70,41,29,15,27,10,14.0,37.5,1,3,22,22,0.5857,0.9217,8.9,0
2026-09-03 10:15,5,1,0,5,70,41,29,13,26,11,13.4,36.6,1,1,20,20,0.5857,0.8767,9.0,0
2026-09-03 10:30,10,1,1,9,70,40,30,13,27,10,14.5,36.4,2,3,26,25,0.5714,0.875,10.6,0
2026-09-03 10:45,4,0,0,5,70,38,32,15,26,10,14.1,35.3,1,3,24,24,0.5429,0.9067,7.1,0
2026-09-03 11:00,10,1,1,9,70,38,32,15,25,10,14.2,35.3,1,1,29,28,0.5429,0.8917,9.5,0
2026-09-03 11:15,3,0,0,4,70,38,32,13,30,12,14.1,35.2,1,1,27,27,0.5429,0.9533,7.7,0
2026-09-03 11:30,8,1,0,8,70,38,32,13,26,10,13.1,34.9,2,2,25,26,0.5429,0.86,7.3,0
2026-09-03 11:45,8,1,0,8,70,38,32,14,26,11,12.7,35.0,2,2,29,29,0.5429,0.9,8.6,0
2026-09-03 12:00,5,0,0,5,70,37,33,12,26,11,12.4,35.2,1,2,24,25,0.5286,0.8533,6.3,0
2026-09-03 12:15,6,1,0,6,70,36,34,15,25,11,12.4,34.8,2,3,27,27,0.5143,0.9083,6.2,0
2026-09-03 12:30,12,1,3,9,70,35,35,14,27,10,13.5,35.7,2,3,31,28,0.5,0.8983,8.9,0
2026-09-03 12:45,9,1,2,10,70,34,36,15,28,11,14.2,35.6,1,2,32,30,0.4857,0.9533,7.3,0
2026-09-03 13:00,7,1,0,9,70,34,36,13,29,11,13.0,35.7,2,2,34,34,0.4857,0.9217,6.3,0
2026-09-03 13:15,6,1,0,6,70,33,37,14,25,10,12.7,35.2,1,2,34,34,0.4714,0.8683,6.7,0
2026-09-03 13:30,3,0,0,3,70,30,40,14,27,11,12.9,34.7,0,3,25,28,0.4286,0.915,2.0,0
2026-09-03 13:45,6,1,0,6,70,30,40,14,27,9,12.4,34.2,2,2,22,24,0.4286,0.8817,1.6,0
2026-09-03 14:00,3,0,0,3,70,28,42,14,26,11,11.8,33.2,0,2,18,18,0.4,0.9,1.8,0
2026-09-03 14:15,5,0,0,5,70,27,43,13,27,12,12.1,33.0,1,2,17,17,0.3857,0.9083,1.7,0
2026-09-03 14:30,10,1,0,10,70,29,41,13,28,9,13.3,32.5,3,1,24,24,0.4143,0.8733,3.9,0
2026-09-03 14:45,10,1,0,10,70,29,41,14,27,11,13.4,33.3,2,2,28,28,0.4143,0.915,4.4,0
2026-09-03 15:00,9,1,0,9,70,28,42,11,22,8,12.1,33.3,2,3,34,34,0.4,0.72,8.8,0
2026-09-03 15:15,5,0,0,5,70,26,44,11,24,8,12.9,33.4,1,3,34,34,0.3714,0.75,8.4,0
2026-09-03 15:30,7,1,0,7,70,25,45,12,21,8,11.7,34.0,2,3,31,31,0.3571,0.7283,7.9,0
2026-09-03 15:45,9,1,1,8,70,25,45,12,24,9,13.4,34.6,1,1,30,29,0.3571,0.79,7.5,0
2026-09-03 16:00,8,1,0,9,70,27,43,12,23,8,13.0,34.7,3,1,29,29,0.3857,0.7583,6.9,0
2026-09-03 16:15,9,1,1,8,70,28,42,11,22,9,13.4,34.8,2,1,33,32,0.4,0.7367,9.1,0
2026-09-03 16:30,7,0,0,8,70,29,41,13,23,8,14.0,35.1,3,2,33,33,0.4143,0.7817,7.7,0
2026-09-03 16:45,4,0,0,4,70,28,42,12,24,9,13.7,34.4,1,2,28,29,0.4,0.79,5.4,0
2026-09-03 17:00,7,0,0,7,70,30,40,13,26,9,14.7,34.6,2,0,27,27,0.4286,0.8433,5.1,0
2026-09-03 17:15,6,0,0,6,70,31,39,13,22,8,15.1,34.1,2,1,24,25,0.4429,0.7667,4.6,0
2026-09-03 17:30,7,0,0,7,70,31,39,13,22,7,13.1,33.9,1,1,24,24,0.4429,0.75,5.7,0
2026-09-03 17:45,10,1,1,9,70,32,38,11,23,8,12.4,33.6,3,2,30,29,0.4571,0.735,8.3,0
2026-09-03 18:00,9,1,3,7,70,33,37,12,22,9,12.8,33.5,2,1,32,29,0.4714,0.76,10.0,0
2026-09-03 18:15,10,1,6,7,70,34,36,12,23,10,15.5,33.6,2,1,36,30,0.4857,0.7917,16.2,0
2026-09-03 18:30,8,0,4,10,70,36,34,14,24,9,16.1,33.8,3,1,37,33,0.5143,0.8367,14.1,0
2026-09-03 18:45,14,1,10,8,70,35,35,13,23,8,20.3,35.1,1,2,41,32,0.5,0.7817,26.5,0
2026-09-03 19:00,6,0,7,9,70,36,34,13,24,7,19.2,36.2,2,1,38,34,0.5143,0.78,19.6,0
2026-09-03 19:15,7,0,7,7,70,38,32,13,23,9,20.2,36.3,2,0,35,34,0.5429,0.7983,18.3,0
2026-09-03 19:30,10,1,9,8,70,37,33,12,23,8,20.3,36.1,1,2,37,32,0.5286,0.7583,23.7,0
2026-09-03 19:45,9,1,9,9,70,38,32,12,24,8,22.5,35.9,2,1,32,33,0.5429,0.7733,19.3,0
2026-09-03 20:00,12,1,15,6,70,40,30,12,24,7,27.2,34.8,2,0,38,30,0.5714,0.7317,38.2,0
2026-09-03 20:15,10,1,18,7,70,41,29,11,25,8,30.6,35.5,2,1,41,30,0.5857,0.72,46.6,0
2026-09-03 20:30,8,1,17,9,70,41,29,12,25,9,34.1,35.8,1,1,39,31,0.5857,0.765,44.1,1
2026-09-03 20:45,9,1,19,7,70,41,29,12,22,9,38.0,36.1,2,2,39,29,0.5857,0.71,50.2,1
2026-09-03 21:00,7,1,19,7,70,43,27,11,23,8,40.2,36.0,2,0,34,30,0.6143,0.675,47.5,1
2026-09-03 21:15,11,1,21,9,70,45,25,13,23,9,41.7,36.0,2,0,35,32,0.6429,0.7183,50.7,1
2026-09-03 21:30,13,1,26,8,70,47,23,13,23,9,45.2,36.6,3,1,40,31,0.6714,0.6833,65.4,1
2026-09-03 21:45,11,1,30,7,70,48,22,11,23,10,50.7,37.0,2,1,42,31,0.6857,0.6283,73.1,1
2026-09-03 22:00,10,1,33,7,70,50,20,11,23,8,56.2,37.6,3,1,45,31,0.7143,0.57,80.6,1
2026-09-03 22:15,10,1,34,9,70,51,19,13,22,8,61.4,37.9,2,1,44,31,0.7286,0.5917,82.8,1
2026-09-03 22:30,7,1,32,9,70,51,19,13,23,8,64.5,38.8,2,2,38,32,0.7286,0.6167,76.8,1
2026-09-03 22:45,4,0,27,9,70,52,18,13,23,8,63.9,38.7,2,1,31,34,0.7429,0.6367,68.2,1
2026-09-03 23:00,5,0,27,5,70,51,19,7,16,6,64.9,39.2,1,2,26,32,0.7286,0.3633,69.9,1
2026-09-03 23:15,4,0,24,7,70,52,18,8,16,5,66.3,39.2,1,0,20,30,0.7429,0.38,66.1,0
2026-09-03 23:30,1,0,20,5,70,53,17,7,17,6,66.0,40.0,1,0,14,26,0.7571,0.4033,62.2,0
2026-09-03 23:45,2,0,17,5,70,53,17,8,17,5,66.1,40.0,2,2,12,22,0.7571,0.425,59.0,0
2026-09-04 00:00,3,0,16,4,70,52,18,8,17,7,65.3,40.4,1,2,10,21,0.7429,0.4683,56.6,0
2026-09-04 00:15,1,0,13,4,70,51,19,8,15,6,64.1,41.0,0,1,7,18,0.7286,0.4417,53.2,0
2026-09-04 00:30,1,0,11,3,70,51,19,7,16,6,63.0,41.5,1,1,7,16,0.7286,0.4433,51.3,0
2026-09-04 00:45,1,0,9,3,70,50,20,7,16,5,61.0,41.6,0,1,6,14,0.7143,0.4417,48.1,0
2026-09-04 01:00,3,0,7,5,70,51,19,8,16,6,56.9,41.0,2,1,6,15,0.7286,0.4867,44.4,0
2026-09-04 01:15,1,0,6,2,70,51,19,7,15,7,55.3,41.0,0,0,6,13,0.7286,0.47,42.9,0
2026-09-04 01:30,0,0,2,4,70,51,19,9,18,6,47.8,40.8,0,0,5,14,0.7286,0.565,35.1,0
2026-09-04 01:45,3,0,0,5,70,50,20,8,15,6,41.7,41.0,0,1,7,16,0.7143,0.5117,32.1,0
2026-09-04 02:00,1,0,0,1,70,50,20,8,16,7,35.4,40.7,1,1,5,12,0.7143,0.5433,28.6,0
2026-09-04 02:15,3,0,0,3,70,51,19,8,16,7,31.0,40.9,1,0,7,13,0.7286,0.5383,27.4,0
2026-09-04 02:30,2,0,0,2,70,50,20,9,16,6,27.3,40.7,0,1,9,11,0.7143,0.55,24.6,0
2026-09-04 02:45,4,0,0,4,70,50,20,8,16,6,24.9,41.2,0,0,10,10,0.7143,0.5267,25.4,0
2026-09-04 03:00,3,0,0,3,70,50,20,9,17,5,21.9,41.0,1,1,12,12,0.7143,0.5483,23.6,0
2026-09-04 03:15,2,0,0,2,70,50,20,8,17,6,21.3,41.1,1,1,11,11,0.7143,0.5417,23.4,0
2026-09-04 03:30,0,0,0,0,70,50,20,9,17,6,21.7,40.8,0,0,9,9,0.7143,0.565,23.3,0
2026-09-04 03:45,1,0,0,1,70,51,19,9,15,6,20.2,40.7,1,0,6,6,0.7286,0.53,23.9,0
2026-09-04 04:00,2,0,0,2,70,50,20,8,17,7,20.3,40.0,0,1,5,5,0.7143,0.5583,22.7,0
2026-09-04 04:15,5,1,1,4,70,50,20,8,18,6,22.6,39.7,1,1,8,7,0.7143,0.5517,24.7,0
2026-09-04 04:30,2,0,0,3,70,50,20,7,18,7,21.5,39.2,1,1,10,10,0.7143,0.55,23.4,0
2026-09-04 04:45,1,0,0,1,70,49,21,8,16,7,21.7,39.4,0,1,10,10,0.7,0.5433,22.8,0
2026-09-04 05:00,1,0,0,1,70,48,22,7,18,6,21.4,38.5,0,1,9,9,0.6857,0.5333,21.9,0
2026-09-04 05:15,6,1,2,4,70,47,23,9,18,6,23.3,39.9,1,2,10,9,0.6714,0.58,22.1,0
2026-09-04 05:30,2,0,0,4,70,49,21,7,17,5,21.5,39.8,2,0,10,10,0.7,0.5017,23.3,0
2026-09-04 05:45,1,0,0,1,70,48,22,7,17,5,22.4,40.0,0,1,10,10,0.6857,0.5017,22.9,0
2026-09-04 06:00,3,0,0,3,70,47,23,7,16,6,22.0,39.3,0,1,12,12,0.6714,0.5033,21.8,0
2026-09-04 06:15,3,0,0,3,70,49,21,7,17,6,20.2,39.8,2,0,9,11,0.7,0.5183,20.9,0
2026-09-04 06:30,8,1,3,5,70,50,20,8,16,6,22.9,39.4,2,1,15,12,0.7143,0.5117,27.0,0
2026-09-04 06:45,4,1,0,7,70,50,20,9,16,7,21.3,39.6,1,1,18,18,0.7143,0.5667,23.1,0
2026-09-04 07:00,7,1,0,7,70,50,20,14,27,10,19.3,39.4,1,1,22,22,0.7143,0.8983,18.4,0
2026-09-04 07:15,3,0,0,3,70,50,20,13,28,11,17.5,38.9,0,0,22,22,0.7143,0.9067,17.4,0
2026-09-04 07:30,1,0,0,1,70,50,20,14,26,12,17.0,38.7,1,1,15,18,0.7143,0.9167,14.4,0
2026-09-04 07:45,6,1,0,6,70,51,19,15,27,10,15.9,38.2,2,1,17,17,0.7286,0.9167,16.3,0
2026-09-04 08:00,5,1,0,5,70,49,21,13,26,11,14.4,39.2,1,3,15,15,0.7,0.8767,15.2,0
2026-09-04 08:15,4,1,0,4,70,48,22,13,28,10,14.3,38.3,1,2,16,16,0.6857,0.89,14.1,0
2026-09-04 08:30,1,0,0,1,70,47,23,13,29,10,13.9,37.9,1,2,16,16,0.6714,0.905,13.1,0
2026-09-04 08:45,9,1,1,8,70,47,23,14,27,11,14.5,37.4,2,2,19,18,0.6714,0.915,14.0,0
2026-09-04 09:00,4,1,0,5,70,48,22,15,27,11,13.4,37.0,2,1,18,18,0.6857,0.9383,13.7,0
2026-09-04 09:15,4,1,0,4,70,47,23,14,26,10,14.6,36.9,1,2,18,18,0.6714,0.8833,13.4,0
2026-09-04 09:30,1,0,0,1,70,45,25,14,26,10,15.8,36.5,0,2,18,18,0.6429,0.8833,11.7,0
2026-09-04 09:45,10,1,1,9,70,45,25,14,27,11,14.7,36.8,1,1,19,19,0.6429,0.915,11.5,0
2026-09-04 10:00,4,0,0,5,70,44,26,14,25,10,14.8,35.9,1,2,19,19,0.6286,0.8683,11.4,0
2026-09-04 10:15,9,1,1,8,70,43,27,14,28,12,16.3,36.1,1,2,24,23,0.6143,0.9467,12.0,0
2026-09-04 10:30,8,1,0,9,70,44,26,14,27,9,14.9,35.8,3,2,31,31,0.6286,0.8817,14.4,0
2026-09-04 10:45,9,1,0,9,70,44,26,13,27,8,14.2,36.3,1,1,30,31,0.6286,0.8417,14.0,0
2026-09-04 11:00,5,1,0,5,70,43,27,13,26,9,13.8,35.4,0,1,31,31,0.6143,0.8433,14.2,0
2026-09-04 11:15,8,1,2,6,70,43,27,13,26,9,14.9,35.4,2,2,30,29,0.6143,0.8433,14.7,0
2026-09-04 11:30,4,0,0,6,70,43,27,13,27,11,14.0,35.0,2,2,26,26,0.6143,0.8917,12.1,0
2026-09-04 11:45,8,1,0,8,70,43,27,14,27,10,14.6,34.7,2,2,25,25,0.6143,0.8983,11.7,0
2026-09-04 12:00,11,1,2,9,70,42,28,13,28,10,15.8,35.0,1,2,31,29,0.6,0.89,14.2,0
2026-09-04 12:15,6,1,0,8,70,41,29,15,28,10,14.7,35.3,1,2,29,31,0.5857,0.9367,9.2,0
2026-09-04 12:30,8,1,0,8,70,40,30,14,28,10,13.5,35.4,1,2,33,33,0.5714,0.9133,11.1,0
2026-09-04 12:45,6,1,0,6,70,39,31,15,28,9,13.8,35.3,1,2,31,31,0.5571,0.92,9.7,0
2026-09-04 13:00,8,1,0,8,70,38,32,15,27,10,13.9,35.8,2,3,28,30,0.5429,0.9217,6.4,0
2026-09-04 13:15,5,0,0,5,70,38,32,13,27,10,13.8,36.1,1,1,27,27,0.5429,0.875,8.4,0
2026-09-04 13:30,8,1,1,7,70,38,32,14,25,10,14.1,36.5,2,2,27,26,0.5429,0.8683,9.3,0
2026-09-04 13:45,7,1,0,8,70,37,33,13,27,11,14.2,35.2,2,3,28,28,0.5286,0.8917,7.6,0
2026-09-04 14:00,5,0,0,5,70,36,34,14,27,9,13.5,35.7,1,2,25,25,0.5143,0.8817,6.0,0
2026-09-04 14:15,6,0,0,6,70,36,34,15,25,11,13.5,35.7,2,2,26,26,0.5143,0.9083,5.9,0
2026-09-04 14:30,9,1,0,9,70,36,34,14,29,12,12.8,35.8,2,2,27,28,0.5143,0.9617,5.3,0
2026-09-04 14:45,9,1,0,9,70,36,34,14,25,11,12.2,35.0,1,1,29,29,0.5143,0.885,7.1,0
2026-09-04 15:00,10,1,2,8,70,36,34,11,23,8,14.2,35.0,2,2,34,32,0.5143,0.735,12.2,0
2026-09-04 15:15,9,1,4,7,70,35,35,11,24,9,14.7,35.5,2,3,37,33,0.5,0.7667,14.2,0
2026-09-04 15:30,11,1,7,8,70,35,35,12,23,9,17.4,35.9,2,2,39,32,0.5,0.775,20.5,0
2026-09-04 15:45,7,1,7,7,70,35,35,11,24,10,19.0,35.4,2,2,37,30,0.5,0.7833,20.6,0
2026-09-04 16:00,7,0,5,9,70,34,36,12,23,9,19.5,35.1,2,3,34,31,0.4857,0.775,14.3,0
2026-09-04 16:15,5,0,2,8,70,34,36,12,23,8,19.6,35.1,2,2,30,32,0.4857,0.7583,7.7,0
2026-09-04 16:30,11,1,4,9,70,36,34,13,22,8,18.7,36.2,3,1,30,33,0.5143,0.7667,9.8,0
2026-09-04 16:45,8,1,4,8,70,36,34,11,22,8,19.7,34.7,2,2,31,34,0.5143,0.72,11.2,0
2026-09-04 17:00,11,1,6,9,70,38,32,12,23,8,20.8,34.4,2,0,35,34,0.5429,0.7583,18.2,0
2026-09-04 17:15,13,1,12,7,70,40,30,11,20,9,24.1,34.5,2,0,43,33,0.5714,0.6967,36.5,0
2026-09-04 17:30,10,1,14,8,70,40,30,13,23,8,27.9,35.3,1,1,42,32,0.5714,0.7617,39.3,0
2026-09-04 17:45,9,1,15,8,70,41,29,13,25,8,30.3,35.7,1,0,43,32,0.5857,0.7817,42.7,0
2026-09-04 18:00,16,1,23,8,70,41,29,12,22,8,36.5,36.0,2,2,48,31,0.5857,0.6733,58.8,0
2026-09-04 18:15,7,0,20,10,70,43,27,14,24,9,37.7,36.2,3,1,42,34,0.6143,0.7717,50.6,1
2026-09-04 18:30,11,1,22,9,70,43,27,11,24,9,40.6,36.7,2,2,43,35,0.6143,0.6917,55.0,1
2026-09-04 18:45,8,2,22,8,70,44,26,12,23,10,43.0,36.8,2,1,42,35,0.6286,0.7117,56.0,1
2026-09-04 19:00,16,4,29,9,70,44,26,12,23,8,46.2,37.4,2,2,42,36,0.6286,0.6433,63.5,1
2026-09-04 19:15,16,4,36,9,70,45,25,12,23,8,52.8,37.1,3,2,51,35,0.6429,0.6033,75.8,1
2026-09-04 19:30,23,7,49,10,70,48,22,12,23,7,63.3,37.8,3,0,63,36,0.6857,0.5067,84.2,1
2026-09-04 19:45,15,6,56,8,70,49,21,11,22,10,73.7,38.1,2,1,70,36,0.7,0.4783,85.4,1
2026-09-04 20:00,15,6,63,8,70,52,18,12,23,8,83.9,39.0,3,0,69,35,0.7429,0.4333,88.6,1
2026-09-04 20:15,13,4,68,8,70,52,18,12,23,8,97.0,39.3,2,2,66,34,0.7429,0.4083,89.0,1
2026-09-04 20:30,11,3,71,8,70,54,16,13,21,9,109.9,39.6,3,1,54,32,0.7714,0.3933,90.9,1
2026-09-04 20:45,19,3,82,8,70,56,14,12,23,8,120.0,39.7,3,1,58,32,0.8,0.3183,92.9,1
2026-09-04 21:00,6,1,80,8,70,58,12,12,24,7,120.0,40.4,3,1,49,32,0.8286,0.3167,94.6,1
2026-09-04 21:15,12,1,84,8,70,58,12,12,23,9,120.0,41.0,2,2,48,32,0.8286,0.315,94.6,1
2026-09-04 21:30,5,0,82,7,70,56,14,11,22,8,120.0,42.1,1,3,42,31,0.8,0.28,89.0,1
2026-09-04 21:45,5,0,79,8,70,55,15,14,24,8,120.0,41.9,2,3,28,31,0.7857,0.4,74.4,1
2026-09-04 22:00,5,0,75,9,70,55,15,12,22,9,120.0,41.9,2,2,27,32,0.7857,0.36,74.5,1
2026-09-04 22:15,2,0,70,7,70,54,16,12,23,8,120.0,42.2,1,2,17,31,0.7714,0.3883,71.0,1
2026-09-04 22:30,4,0,66,8,70,54,16,12,22,8,120.0,41.3,2,2,16,32,0.7714,0.3933,70.9,1
2026-09-04 22:45,7,1,66,7,70,54,16,12,24,8,120.0,41.6,2,2,18,31,0.7714,0.4233,70.4,1
2026-09-04 23:00,2,0,63,5,70,56,14,8,17,6,120.0,42.5,2,0,15,27,0.8,0.25,72.9,1
2026-09-04 23:15,2,0,58,7,70,55,15,8,17,6,120.0,43.2,1,2,15,27,0.7857,0.25,72.1,1
2026-09-04 23:30,5,0,58,5,70,56,14,7,17,7,120.0,43.2,2,1,16,24,0.8,0.25,72.9,1
2026-09-04 23:45,4,0,57,5,70,55,15,7,16,6,120.0,43.9,1,2,13,22,0.7857,0.25,72.1,1
2026-09-05 00:00,1,0,54,4,70,56,14,9,16,5,120.0,42.7,2,1,12,21,0.8,0.25,72.9,1
2026-09-05 00:15,3,0,52,5,70,54,16,7,17,6,120.0,43.1,1,3,13,19,0.7714,0.25,71.2,1
2026-09-05 00:30,0,0,46,6,70,53,17,8,17,6,120.0,43.1,1,2,8,20,0.7571,0.2967,70.4,1
2026-09-05 00:45,1,0,42,5,70,53,17,8,17,6,120.0,43.5,2,2,5,20,0.7571,0.3167,70.4,1
2026-09-05 01:00,1,0,37,6,70,53,17,8,16,6,120.0,43.4,1,1,5,22,0.7571,0.3267,70.4,1
2026-09-05 01:15,1,0,32,6,70,52,18,8,17,6,120.0,42.3,0,1,3,23,0.7429,0.3717,69.5,1
2026-09-05 01:30,5,1,33,4,70,51,19,7,17,6,120.0,42.2,1,2,8,21,0.7286,0.3483,68.7,1
2026-09-05 01:45,2,0,27,8,70,52,18,8,15,7,118.2,42.6,2,1,9,24,0.7429,0.3833,68.4,0
2026-09-05 02:00,2,0,24,5,70,51,19,7,16,7,108.9,41.4,1,2,10,23,0.7286,0.395,64.5,0
2026-09-05 02:15,3,0,22,5,70,51,19,9,16,5,100.6,41.4,1,1,12,22,0.7286,0.4183,62.2,0
2026-09-05 02:30,5,1,21,6,70,51,19,8,15,6,92.1,41.5,2,2,12,24,0.7286,0.4017,61.5,0
2026-09-05 02:45,1,0,17,5,70,52,18,8,16,6,86.2,41.3,2,1,11,21,0.7429,0.4317,58.1,0
2026-09-05 03:00,1,0,13,5,70,52,18,8,15,6,79.4,41.0,1,1,10,21,0.7429,0.4367,54.2,0
2026-09-05 03:15,6,1,13,6,70,52,18,8,16,6,72.8,42.3,1,1,13,22,0.7429,0.4517,53.9,0
2026-09-05 03:30,3,0,11,5,70,51,19,8,15,6,67.1,42.1,0,1,11,21,0.7286,0.4517,51.2,0
2026-09-05 03:45,0,0,6,5,70,51,19,8,16,6,59.2,41.9,1,1,10,21,0.7286,0.4917,44.5,0
2026-09-05 04:00,2,0,2,6,70,51,19,8,17,6,50.2,41.9,1,1,11,22,0.7286,0.5267,36.8,0
2026-09-05 04:15,1,0,0,3,70,51,19,9,16,7,42.8,41.8,1,1,6,19,0.7286,0.5617,32.7,0
2026-09-05 04:30,2,0,0,2,70,50,20,10,16,6,35.8,41.5,0,1,5,16,0.7143,0.5733,28.4,0
2026-09-05 04:45,0,0,0,0,70,48,22,7,16,8,31.4,41.1,0,2,5,11,0.6857,0.5367,25.1,0
2026-09-05 05:00,1,0,0,1,70,46,24,7,15,6,27.9,39.9,0,2,4,6,0.6571,0.4883,22.4,0
2026-09-05 05:15,2,0,0,2,70,46,24,8,17,6,25.9,39.5,1,1,5,5,0.6571,0.5417,22.3,0
2026-09-05 05:30,3,0,0,3,70,46,24,7,15,6,24.9,39.5,0,0,6,6,0.6571,0.4883,22.6,0
2026-09-05 05:45,2,0,0,2,70,46,24,9,19,5,23.0,39.6,0,0,8,8,0.6571,0.5783,20.3,0
2026-09-05 06:00,2,0,0,2,70,45,25,8,17,6,21.8,38.3,0,1,9,9,0.6429,0.5417,19.5,0
2026-09-05 06:15,4,1,0,4,70,44,26,9,17,6,20.0,39.0,1,2,11,11,0.6286,0.565,17.4,0
2026-09-05 06:30,5,1,1,4,70,44,26,8,17,6,20.2,38.7,1,1,13,12,0.6286,0.5417,18.6,0
2026-09-05 06:45,2,0,0,3,70,44,26,8,15,6,20.6,39.0,0,0,13,13,0.6286,0.5117,18.5,0
2026-09-05 07:00,3,0,0,3,70,44,26,13,28,10,18.9,37.7,1,1,14,14,0.6286,0.89,12.2,0
2026-09-05 07:15,2,0,0,2,70,44,26,15,27,11,16.9,37.5,0,0,12,12,0.6286,0.9383,10.8,0
2026-09-05 07:30,6,1,0,6,70,44,26,14,28,11,15.7,36.3,1,1,13,14,0.6286,0.93,9.6,0
2026-09-05 07:45,4,1,0,4,70,45,25,15,28,11,14.8,37.0,1,0,15,15,0.6429,0.9533,11.2,0
2026-09-05 08:00,6,1,0,6,70,46,24,13,27,10,14.5,36.5,2,1,18,18,0.6571,0.875,12.7,0
2026-09-05 08:15,3,0,0,3,70,46,24,14,28,9,13.4,36.1,1,1,19,19,0.6571,0.8967,12.6,0
2026-09-05 08:30,5,1,0,5,70,45,25,14,27,11,13.1,35.6,1,2,18,18,0.6429,0.915,11.3,0
2026-09-05 08:45,3,0,0,3,70,45,25,15,26,11,13.4,35.9,1,1,17,17,0.6429,0.9233,11.2,0
2026-09-05 09:00,5,1,0,5,70,45,25,15,27,10,13.1,35.9,1,1,16,16,0.6429,0.9217,11.2,0
2026-09-05 09:15,4,1,0,4,70,44,26,12,25,11,13.4,36.4,0,1,17,17,0.6286,0.8383,11.5,0
2026-09-05 09:30,5,1,0,5,70,45,25,15,24,11,14.2,35.7,2,1,17,17,0.6429,0.8933,11.6,0
2026-09-05 09:45,4,1,0,4,70,46,24,13,24,10,14.2,35.9,1,0,18,18,0.6571,0.83,13.3,0
2026-09-05 10:00,6,1,0,6,70,44,26,14,27,11,13.8,36.6,1,3,19,19,0.6286,0.915,10.7,0
2026-09-05 10:15,7,1,0,7,70,45,25,14,26,10,14.2,36.6,2,1,22,22,0.6429,0.8833,12.8,0
2026-09-05 10:30,2,0,0,2,70,43,27,14,28,11,13.0,36.9,0,2,19,19,0.6143,0.93,9.8,0
2026-09-05 10:45,4,0,0,4,70,42,28,14,27,8,12.1,37.7,1,2,19,19,0.6,0.865,9.7,0
2026-09-05 11:00,6,1,0,6,70,40,30,14,25,10,12.3,38.1,0,2,19,19,0.5714,0.8683,8.0,0
2026-09-05 11:15,4,0,0,4,70,38,32,15,26,11,12.3,37.6,1,3,16,16,0.5429,0.9233,5.3,0
2026-09-05 11:30,9,1,0,9,70,37,33,14,28,12,12.8,36.4,2,3,23,23,0.5286,0.9467,5.8,0
2026-09-05 11:45,8,1,0,8,70,38,32,14,26,9,12.0,36.2,2,1,27,27,0.5429,0.8667,8.5,0
2026-09-05 12:00,5,0,0,5,70,36,34,13,26,12,12.7,34.9,1,3,26,26,0.5143,0.8933,6.2,0
2026-09-05 12:15,5,0,0,5,70,34,36,14,26,10,13.1,35.5,1,3,27,27,0.4857,0.8833,4.9,0
2026-09-05 12:30,7,1,0,7,70,35,35,14,27,10,13.9,35.7,2,1,25,25,0.5,0.8983,5.0,0
2026-09-05 12:45,4,0,0,4,70,34,36,15,26,12,12.9,35.4,1,2,21,21,0.4857,0.94,2.7,0
2026-09-05 13:00,5,0,0,5,70,33,37,14,28,11,12.2,34.2,1,2,21,21,0.4714,0.93,2.4,0
2026-09-05 13:15,9,1,0,9,70,33,37,14,27,9,12.0,34.1,3,3,25,25,0.4714,0.8817,4.0,0
2026-09-05 13:30,4,0,0,4,70,31,39,13,27,11,12.6,33.9,0,2,22,22,0.4429,0.8917,3.1,0
2026-09-05 13:45,8,1,0,8,70,31,39,15,26,10,12.4,32.6,2,2,26,26,0.4429,0.9067,3.9,0
2026-09-05 14:00,9,1,0,9,70,31,39,14,27,11,12.6,33.0,2,2,30,30,0.4429,0.915,4.9,0
2026-09-05 14:15,10,1,1,9,70,33,37,13,28,12,13.9,33.7,3,1,31,30,0.4714,0.9233,5.9,0
2026-09-05 14:30,9,1,2,8,70,34,36,13,27,10,14.0,34.2,3,2,36,34,0.4857,0.875,9.0,0
2026-09-05 14:45,11,1,6,7,70,35,35,14,28,11,15.8,33.9,2,1,39,33,0.5,0.93,16.0,0
2026-09-05 15:00,10,1,7,9,70,35,35,11,21,8,18.0,34.6,2,2,40,33,0.5,0.705,22.1,0
2026-09-05 15:15,10,1,9,8,70,35,35,12,23,9,20.5,34.9,2,2,40,32,0.5,0.775,25.0,0
2026-09-05 15:30,4,0,5,8,70,34,36,12,23,8,20.2,34.7,2,3,35,32,0.4857,0.7583,15.1,0
2026-09-05 15:45,7,1,4,8,70,33,37,12,22,7,19.6,34.9,2,3,31,33,0.4714,0.7267,9.0,0
2026-09-05 16:00,8,1,5,7,70,32,38,12,22,9,19.5,35.1,1,2,29,31,0.4571,0.76,8.9,0
2026-09-05 16:15,5,0,3,7,70,30,40,11,22,9,18.1,36.5,1,3,24,30,0.4286,0.7367,5.3,0
2026-09-05 16:30,9,1,4,8,70,31,39,12,23,8,19.1,36.2,2,1,29,30,0.4429,0.7583,8.6,0
2026-09-05 16:45,7,0,4,7,70,30,40,13,22,10,19.7,36.2,1,2,29,29,0.4286,0.8,9.0,0
2026-09-05 17:00,9,1,3,10,70,32,38,13,21,8,20.4,35.2,2,0,30,32,0.4571,0.7517,7.8,0
2026-09-05 17:15,6,0,0,9,70,33,37,12,22,10,18.4,35.1,2,1,31,34,0.4714,0.7767,6.8,0
2026-09-05 17:30,10,1,3,7,70,34,36,11,24,9,17.0,35.4,2,1,32,33,0.4857,0.7667,7.6,0
2026-09-05 17:45,8,0,2,9,70,36,34,11,24,8,16.3,35.1,2,0,33,35,0.5143,0.75,8.7,0
2026-09-05 18:00,9,1,3,8,70,38,32,12,23,8,15.6,36.2,2,0,33,33,0.5429,0.7583,11.7,0
2026-09-05 18:15,11,1,7,7,70,40,30,11,22,7,18.1,36.9,2,0,38,31,0.5714,0.7033,25.9,0
2026-09-05 18:30,11,1,13,5,70,41,29,11,23,8,23.8,37.0,2,1,39,29,0.5857,0.715,37.6,0
2026-09-05 18:45,9,1,15,7,70,43,27,12,23,7,29.9,37.4,2,0,40,27,0.6143,0.7017,46.9,0
2026-09-05 19:00,9,1,14,10,70,45,25,13,21,9,32.3,37.5,2,0,40,29,0.6429,0.7233,47.0,0
2026-09-05 19:15,13,1,19,8,70,46,24,11,24,9,36.8,36.6,2,1,42,30,0.6571,0.6917,56.0,0
2026-09-05 19:30,5,0,16,8,70,47,23,12,22,10,38.5,36.6,3,2,36,33,0.6714,0.7117,46.4,0
2026-09-05 19:45,7,0,16,7,70,46,24,11,23,9,39.6,37.0,1,2,34,33,0.6571,0.6917,44.2,1
2026-09-05 20:00,8,1,17,7,70,47,23,13,22,9,39.8,37.4,2,1,33,30,0.6714,0.7133,47.1,1
2026-09-05 20:15,11,1,20,8,70,48,22,12,25,9,41.7,36.6,2,1,31,30,0.6857,0.715,49.6,1
2026-09-05 20:30,5,0,16,9,70,48,22,11,22,9,42.5,37.5,2,2,31,31,0.6857,0.6667,46.1,1
2026-09-05 20:45,17,1,25,8,70,49,21,12,25,8,45.5,37.8,3,2,41,32,0.7,0.6683,66.4,1
2026-09-05 21:00,12,1,29,8,70,48,22,13,24,8,50.8,38.2,1,2,45,33,0.6857,0.6617,73.4,1
2026-09-05 21:15,10,1,30,9,70,49,21,13,23,8,54.5,38.3,2,1,44,34,0.7,0.6367,74.9,1
2026-09-05 21:30,7,1,27,10,70,50,20,13,26,9,54.0,39.0,2,1,46,35,0.7143,0.7083,74.2,1
2026-09-05 21:45,8,1,27,8,70,53,17,11,23,8,56.6,40.0,3,0,37,35,0.7571,0.585,72.0,1
2026-09-05 22:00,5,0,25,7,70,54,16,11,21,9,57.5,40.6,2,1,30,34,0.7714,0.5767,66.5,1
2026-09-05 22:15,4,0,21,8,70,56,14,12,23,8,58.0,41.1,2,0,24,33,0.8,0.6233,62.2,1
2026-09-05 22:30,4,0,18,7,70,57,13,12,22,8,57.4,40.3,2,1,21,30,0.8143,0.6183,59.2,1
2026-09-05 22:45,7,1,20,5,70,57,13,12,24,8,58.8,40.3,1,1,20,27,0.8143,0.6383,61.2,1
2026-09-05 23:00,4,0,19,5,70,58,12,8,15,7,63.2,40.9,2,1,19,25,0.8286,0.3933,65.9,0
2026-09-05 23:15,3,0,17,5,70,58,12,7,16,7,64.7,41.8,1,1,18,22,0.8286,0.395,63.7,0
2026-09-05 23:30,4,0,16,5,70,58,12,7,15,6,68.3,42.1,1,1,18,20,0.8286,0.3683,63.1,0
2026-09-05 23:45,1,0,14,3,70,57,13,8,15,5,70.2,42.2,1,2,12,18,0.8143,0.39,60.0,0
2026-09-06 00:00,1,0,11,4,70,57,13,8,18,6,68.7,42.0,1,1,9,17,0.8143,0.4667,56.0,0
2026-09-06 00:15,1,0,7,5,70,56,14,8,15,6,63.8,41.5,1,2,7,17,0.8,0.4467,51.6,0
2026-09-06 00:30,3,0,5,5,70,56,14,9,17,6,60.1,41.7,1,1,6,17,0.8,0.51,47.9,0
2026-09-06 00:45,1,0,3,3,70,55,15,8,15,7,54.7,42.1,0,1,6,17,0.7857,0.4883,42.9,0
2026-09-06 01:00,4,0,2,5,70,55,15,8,17,6,50.3,41.6,1,1,9,18,0.7857,0.5067,40.5,0
2026-09-06 01:15,2,0,0,4,70,55,15,8,16,5,44.6,42.1,1,1,10,17,0.7857,0.485,38.1,0
2026-09-06 01:30,3,0,0,3,70,54,16,8,16,5,38.6,42.3,1,2,10,15,0.7714,0.49,34.3,0
2026-09-06 01:45,1,0,0,1,70,53,17,7,15,6,33.3,42.6,1,2,10,13,0.7571,0.4733,31.1,0
2026-09-06 02:00,3,0,0,3,70,52,18,7,17,6,31.8,42.0,1,2,9,11,0.7429,0.5083,29.1,0
2026-09-06 02:15,2,0,0,2,70,52,18,9,16,7,28.7,41.0,1,1,9,9,0.7429,0.5567,28.4,0
2026-09-06 02:30,0,0,0,0,70,51,19,8,18,5,26.9,40.7,0,1,6,6,0.7286,0.535,27.1,0
2026-09-06 02:45,1,0,0,1,70,50,20,8,16,5,25.3,40.7,0,1,6,6,0.7143,0.51,25.8,0
2026-09-06 03:00,3,0,0,3,70,49,21,8,18,5,25.3,39.8,0,1,6,6,0.7,0.54,24.5,0
2026-09-06 03:15,2,0,0,2,70,47,23,7,15,7,22.7,39.7,0,2,6,6,0.6714,0.505,22.1,0
2026-09-06 03:30,3,0,0,3,70,49,21,8,16,6,22.0,40.0,2,0,9,9,0.7,0.5267,23.1,0
2026-09-06 03:45,2,0,0,2,70,48,22,8,15,7,21.4,39.3,1,2,10,10,0.6857,0.5283,22.0,0
2026-09-06 04:00,3,0,0,3,70,47,23,9,17,5,20.9,38.7,0,1,10,10,0.6714,0.5483,20.6,0
2026-09-06 04:15,1,0,0,1,70,46,24,9,15,6,20.9,39.5,0,1,9,9,0.6571,0.535,20.0,0
2026-09-06 04:30,3,0,0,3,70,47,23,8,17,6,19.6,40.2,1,0,9,9,0.6714,0.5417,20.1,0
2026-09-06 04:45,2,0,0,2,70,48,22,8,16,5,18.8,39.4,1,0,9,9,0.6857,0.51,21.0,0
2026-09-06 05:00,1,0,0,1,70,46,24,8,16,5,19.5,39.2,0,2,7,7,0.6571,0.51,19.7,0
2026-09-06 05:15,1,0,0,1,70,46,24,8,18,7,19.2,39.5,0,0,7,7,0.6571,0.5733,18.6,0
2026-09-06 05:30,1,0,0,1,70,47,23,9,16,5,19.7,38.7,1,0,5,5,0.6714,0.5333,20.3,0
2026-09-06 05:45,1,0,0,1,70,46,24,8,16,7,19.4,38.7,0,1,4,4,0.6571,0.5433,19.1,0
2026-09-06 06:00,2,0,0,2,70,45,25,7,17,8,19.7,37.7,0,1,5,5,0.6429,0.5517,18.3,0
2026-09-06 06:15,3,0,0,3,70,46,24,7,16,6,20.6,38.4,1,0,7,7,0.6571,0.5033,20.3,0
2026-09-06 06:30,0,0,0,0,70,46,24,7,17,7,19.6,38.9,0,0,6,6,0.6571,0.535,19.3,0
2026-09-06 06:45,5,1,0,5,70,47,23,9,17,5,20.3,38.3,1,0,10,10,0.6714,0.5483,20.3,0
2026-09-06 07:00,4,1,0,4,70,47,23,13,29,11,19.3,38.2,1,1,12,12,0.6714,0.9217,14.4,0
2026-09-06 07:15,3,0,0,3,70,47,23,14,27,11,18.8,38.6,1,1,12,12,0.6714,0.915,14.3,0
2026-09-06 07:30,1,0,0,1,70,47,23,14,28,10,17.5,37.0,0,0,13,13,0.6714,0.9133,13.7,0
2026-09-06 07:45,6,1,0,6,70,47,23,13,27,11,15.9,36.9,1,1,14,14,0.6714,0.8917,13.3,0
2026-09-06 08:00,9,1,1,8,70,46,24,14,27,12,16.3,36.9,1,2,19,18,0.6571,0.9317,13.2,0
2026-09-06 08:15,5,1,0,6,70,46,24,15,28,10,15.0,36.9,1,1,21,21,0.6571,0.9367,12.8,0
2026-09-06 08:30,6,1,0,6,70,46,24,14,27,10,15.5,36.6,1,1,26,26,0.6571,0.8983,14.5,0
2026-09-06 08:45,6,1,0,6,70,47,23,13,29,10,15.6,35.8,2,1,26,26,0.6714,0.905,15.3,0
2026-09-06 09:00,10,1,1,9,70,46,24,14,26,11,15.7,36.0,1,2,27,27,0.6571,0.9,14.8,0
2026-09-06 09:15,4,1,0,5,70,46,24,14,25,11,14.8,36.0,1,1,26,26,0.6571,0.885,14.7,0
2026-09-06 09:30,3,0,0,3,70,46,24,14,27,10,13.5,36.0,1,1,23,23,0.6571,0.8983,13.7,0
2026-09-06 09:45,4,1,0,4,70,44,26,14,29,11,13.3,36.2,0,2,21,21,0.6286,0.945,11.2,0
2026-09-06 10:00,2,0,0,2,70,43,27,15,26,11,13.3,36.1,0,1,13,14,0.6143,0.9233,8.7,0
2026-09-06 10:15,1,0,0,1,70,41,29,14,27,12,13.3,36.2,0,2,10,10,0.5857,0.9317,7.8,0
2026-09-06 10:30,5,1,0,5,70,40,30,14,27,9,12.7,35.2,1,2,12,12,0.5714,0.8817,7.5,0
2026-09-06 10:45,6,1,0,6,70,40,30,13,26,11,11.3,34.7,2,2,14,14,0.5714,0.8767,7.6,0
2026-09-06 11:00,5,1,0,5,70,40,30,14,26,10,10.3,35.1,2,2,17,17,0.5714,0.8833,7.5,0
2026-09-06 11:15,7,1,0,7,70,38,32,15,27,12,12.2,34.6,1,3,23,23,0.5429,0.955,6.6,0
2026-09-06 11:30,10,1,0,10,70,38,32,14,26,11,12.8,34.5,2,2,28,28,0.5429,0.9,8.3,0
2026-09-06 11:45,5,1,0,5,70,38,32,14,26,10,12.9,35.5,2,2,27,27,0.5429,0.8833,8.3,0
2026-09-06 12:00,10,1,0,10,70,38,32,15,28,10,12.2,35.8,1,1,32,32,0.5429,0.9367,9.1,0
2026-09-06 12:15,6,1,0,6,70,38,32,15,27,11,11.3,36.0,1,1,31,31,0.5429,0.9383,8.8,0
2026-09-06 12:30,3,0,0,3,70,37,33,14,28,11,13.3,35.4,1,2,24,24,0.5286,0.93,6.1,0
2026-09-06 12:45,6,1,0,6,70,37,33,15,27,9,13.5,34.6,1,1,25,25,0.5286,0.905,6.6,0
2026-09-06 13:00,4,0,0,4,70,37,33,13,24,9,14.6,35.1,2,2,19,19,0.5286,0.8133,6.3,0
2026-09-06 13:15,3,0,0,3,70,35,35,14,26,10,13.9,35.2,1,3,16,16,0.5,0.8833,3.3,0
2026-09-06 13:30,5,0,0,5,70,34,36,13,28,9,14.0,35.2,1,2,18,18,0.4857,0.8733,2.6,0
2026-09-06 13:45,7,1,0,7,70,34,36,13,30,11,14.4,34.4,2,2,19,19,0.4857,0.9367,2.2,0
2026-09-06 14:00,10,1,0,10,70,35,35,15,27,11,14.4,34.0,2,1,25,25,0.5,0.9383,4.6,0
2026-09-06 14:15,5,0,0,5,70,34,36,14,25,11,14.8,35.9,1,2,27,27,0.4857,0.885,4.9,0
2026-09-06 14:30,6,0,0,6,70,33,37,13,28,10,14.7,35.9,2,3,28,28,0.4714,0.89,4.7,0
2026-09-06 14:45,8,1,0,8,70,34,36,14,26,10,13.5,37.0,2,1,29,29,0.4857,0.8833,5.4,0
2026-09-06 15:00,6,0,0,6,70,33,37,13,23,9,14.5,36.5,1,2,25,25,0.4714,0.7983,5.2,0
2026-09-06 15:15,4,0,0,4,70,31,39,12,21,8,15.1,36.8,1,3,24,24,0.4429,0.7283,6.0,0
2026-09-06 15:30,5,0,0,5,70,29,41,11,24,7,13.5,36.1,1,3,23,23,0.4143,0.7333,5.6,0
2026-09-06 15:45,6,0,0,6,70,28,42,11,21,9,13.5,35.8,1,2,21,21,0.4,0.7217,5.3,0
2026-09-06 16:00,5,0,0,5,70,26,44,11,25,8,13.6,35.6,1,3,20,20,0.3714,0.765,4.4,0
2026-09-06 16:15,4,0,0,4,70,26,44,11,25,10,12.6,35.0,1,1,20,20,0.3714,0.7983,3.9,0
2026-09-06 16:30,10,1,2,8,70,27,43,11,25,8,13.3,34.9,2,1,25,23,0.3857,0.765,7.3,0
2026-09-06 16:45,12,1,5,9,70,28,42,12,24,9,17.3,33.9,3,2,31,26,0.4,0.79,13.4,0
2026-09-06 17:00,7,0,3,9,70,30,40,12,23,9,18.7,34.7,2,0,33,30,0.4286,0.775,11.4,0
2026-09-06 17:15,10,1,6,7,70,30,40,11,22,7,20.6,34.0,1,1,39,33,0.4286,0.7033,20.2,0
2026-09-06 17:30,8,0,5,9,70,32,38,12,24,8,20.5,34.1,2,0,37,34,0.4571,0.7733,15.3,0
2026-09-06 17:45,8,0,5,8,70,32,38,13,21,9,20.2,33.7,1,1,33,33,0.4571,0.7683,11.8,0
2026-09-06 18:00,13,1,10,8,70,33,37,11,23,8,21.8,34.5,2,1,39,32,0.4714,0.735,24.9,0
2026-09-06 18:15,11,1,14,7,70,33,37,12,24,9,25.1,34.4,2,2,40,32,0.4714,0.79,30.6,0
2026-09-06 18:30,11,1,17,8,70,33,37,12,21,8,29.6,33.4,2,2,43,31,0.4714,0.7283,39.6,0
2026-09-06 18:45,12,1,21,8,70,35,35,11,23,8,34.1,33.6,3,1,47,31,0.5,0.705,50.2,1
2026-09-06 19:00,9,1,22,8,70,36,34,12,23,9,39.2,33.6,3,2,43,31,0.5143,0.735,50.9,1
2026-09-06 19:15,18,1,31,9,70,37,33,12,22,9,45.9,35.0,3,2,50,33,0.5286,0.67,64.8,1
2026-09-06 19:30,11,1,31,11,70,38,32,13,22,10,48.6,35.3,4,3,50,36,0.5429,0.705,64.9,1
2026-09-06 19:45,13,1,34,10,70,39,31,11,23,10,52.0,35.3,2,1,51,38,0.5571,0.6533,67.3,0
2026-09-06 20:00,6,0,30,10,70,40,30,12,25,8,52.6,36.0,3,2,48,40,0.5714,0.6883,64.1,0
2026-09-06 20:15,7,0,27,10,70,42,28,12,26,10,51.7,35.8,3,1,37,41,0.6,0.7417,55.0,0
2026-09-06 20:30,8,1,27,8,70,43,27,11,23,9,51.4,36.8,2,1,34,38,0.6143,0.6517,56.2,0
2026-09-06 20:45,7,0,23,11,70,45,25,13,24,8,49.1,36.6,3,1,28,39,0.6429,0.7067,50.5,1
2026-09-06 21:00,7,1,23,7,70,46,24,12,22,8,50.8,37.1,1,0,29,36,0.6571,0.6483,53.3,1
2026-09-06 21:15,6,0,21,8,70,47,23,13,22,8,50.9,37.6,2,1,28,34,0.6714,0.6767,51.5,1
2026-09-06 21:30,13,1,26,8,70,49,21,11,22,10,52.2,37.4,2,0,33,34,0.7,0.6283,61.5,1
2026-09-06 21:45,10,1,27,9,70,51,19,11,22,8,55.5,38.4,2,0,36,32,0.7286,0.58,71.1,1
2026-09-06 22:00,9,1,26,10,70,52,18,12,25,8,56.1,38.5,3,2,38,35,0.7429,0.6483,70.1,1
2026-09-06 22:15,6,0,24,8,70,54,16,12,24,9,56.2,39.5,3,1,38,35,0.7714,0.65,69.9,0
2026-09-06 22:30,4,0,21,7,70,56,14,12,24,8,56.1,38.6,2,0,29,34,0.8,0.6383,62.5,0
2026-09-06 22:45,4,0,18,7,70,57,13,12,21,9,55.1,39.0,2,1,23,32,0.8143,0.62,58.6,0
2026-09-06 23:00,2,0,15,5,70,56,14,7,17,5,55.3,39.7,1,2,16,27,0.8,0.3967,56.8,0
2026-09-06 23:15,2,0,13,4,70,55,15,9,17,6,55.6,40.4,2,3,12,23,0.7857,0.475,53.1,0
2026-09-06 23:30,3,0,12,4,70,53,17,7,18,6,54.9,40.1,0,2,11,20,0.7571,0.4583,50.3,0
2026-09-06 23:45,1,0,10,3,70,53,17,7,17,6,57.1,39.9,0,0,8,16,0.7571,0.4533,49.5,0
2026-09-07 00:00,3,0,8,5,70,52,18,8,16,6,53.4,40.2,1,2,9,16,0.7429,0.4767,44.7,0
2026-09-07 00:15,5,0,8,5,70,52,18,9,16,6,52.5,40.5,1,1,12,17,0.7429,0.5,43.9,0
2026-09-07 00:30,1,0,5,4,70,51,19,8,17,6,48.1,41.6,0,1,10,17,0.7286,0.5117,37.9,0
2026-09-07 00:45,3,0,4,4,70,51,19,6,16,7,43.9,41.2,1,1,12,18,0.7286,0.4717,35.5,0
2026-09-07 01:00,1,0,0,5,70,52,18,9,19,6,35.8,41.4,2,1,10,18,0.7429,0.585,29.9,0
2026-09-07 01:15,0,0,0,0,70,51,19,9,15,6,31.6,41.5,0,1,5,13,0.7286,0.53,27.8,0
2026-09-07 01:30,1,0,0,1,70,50,20,8,18,7,27.3,40.6,0,1,5,10,0.7143,0.5733,24.3,0
2026-09-07 01:45,1,0,0,1,70,49,21,7,16,6,27.0,40.6,1,2,3,7,0.7,0.5033,24.3,0
2026-09-07 02:00,2,0,0,2,70,49,21,9,17,6,25.8,40.4,1,1,4,4,0.7,0.565,24.4,0
2026-09-07 02:15,2,0,0,2,70,49,21,7,16,5,23.8,40.5,0,0,6,6,0.7,0.4867,24.6,0
2026-09-07 02:30,2,0,0,2,70,47,23,8,17,5,22.3,39.7,0,2,7,7,0.6714,0.525,21.6,0
2026-09-07 02:45,0,0,0,0,70,46,24,6,16,6,22.2,39.5,0,1,6,6,0.6571,0.48,21.4,0
2026-09-07 03:00,3,0,0,3,70,46,24,8,17,5,21.7,39.6,1,1,7,7,0.6571,0.525,20.5,0
2026-09-07 03:15,2,0,0,2,70,46,24,8,15,6,21.2,39.4,1,1,7,7,0.6571,0.5117,20.4,0
2026-09-07 03:30,1,0,0,1,70,45,25,8,16,6,21.0,37.5,0,1,6,6,0.6429,0.5267,19.3,0
2026-09-07 03:45,3,0,0,3,70,45,25,7,16,7,20.2,37.5,0,0,9,9,0.6429,0.52,19.0,0
2026-09-07 04:00,1,0,0,1,70,46,24,10,17,7,20.1,38.1,1,0,7,7,0.6571,0.605,18.6,0
2026-09-07 04:15,3,0,0,3,70,45,25,9,16,5,19.6,38.3,0,1,8,8,0.6429,0.5333,18.5,0
2026-09-07 04:30,1,0,0,1,70,46,24,9,16,5,19.6,38.8,1,0,8,8,0.6571,0.5333,19.4,0
2026-09-07 04:45,2,0,0,2,70,46,24,9,16,7,19.8,38.4,1,1,7,7,0.6571,0.5667,19.0,0
2026-09-07 05:00,1,0,0,1,70,45,25,8,18,5,19.6,37.8,0,1,7,7,0.6429,0.54,18.4,0
2026-09-07 05:15,5,1,1,4,70,46,24,7,16,6,21.4,38.9,1,0,9,8,0.6571,0.5033,21.4,0
2026-09-07 05:30,0,0,0,1,70,47,23,8,17,7,21.0,39.5,1,0,8,8,0.6714,0.5583,20.5,0
2026-09-07 05:45,0,0,0,0,70,46,24,9,15,6,20.6,39.0,0,1,6,6,0.6571,0.535,19.8,0
2026-09-07 06:00,4,1,0,4,70,46,24,7,17,5,21.5,39.4,1,1,9,9,0.6571,0.5017,20.7,0
2026-09-07 06:15,6,1,2,4,70,48,22,8,18,6,23.9,39.8,2,0,10,9,0.6857,0.5567,23.6,0
2026-09-07 06:30,0,0,0,2,70,48,22,8,17,6,24.6,40.1,0,0,10,10,0.6857,0.5417,23.3,0
2026-09-07 06:45,2,0,0,2,70,47,23,8,17,6,23.7,40.4,1,2,12,12,0.6714,0.5417,22.1,0
2026-09-07 07:00,7,1,0,7,70,48,22,13,27,10,21.0,39.2,2,1,15,15,0.6857,0.875,16.8,0
2026-09-07 07:15,5,1,0,5,70,50,20,14,29,12,19.3,39.0,2,0,14,16,0.7143,0.9617,15.4,0
2026-09-07 07:30,5,1,0,5,70,51,19,14,27,11,17.1,38.8,2,1,19,19,0.7286,0.91,17.2,0
2026-09-07 07:45,4,1,0,4,70,50,20,13,28,11,16.2,37.6,0,1,21,21,0.7143,0.9067,16.5,0
2026-09-07 08:00,4,1,0,4,70,48,22,13,26,10,15.9,37.8,0,2,18,18,0.6857,0.86,14.6,0
2026-09-07 08:15,4,1,0,4,70,47,23,14,28,11,15.1,37.5,1,2,17,17,0.6714,0.93,12.9,0
2026-09-07 08:30,1,0,0,1,70,47,23,14,26,10,14.8,37.1,1,1,13,13,0.6714,0.8833,13.4,0
2026-09-07 08:45,2,0,0,2,70,46,24,14,27,10,14.8,38.2,1,2,11,11,0.6571,0.8983,12.3,0
2026-09-07 09:00,0,0,0,0,70,45,25,14,26,10,15.7,37.8,0,1,7,7,0.6429,0.8833,11.7,0
2026-09-07 09:15,6,1,0,6,70,45,25,14,28,10,15.9,37.2,1,1,9,9,0.6429,0.9133,11.3,0
2026-09-07 09:30,7,1,0,7,70,46,24,15,28,11,15.2,36.4,2,1,15,15,0.6571,0.9533,12.0,0
2026-09-07 09:45,5,1,0,5,70,45,25,13,29,9,14.4,35.4,1,2,18,18,0.6429,0.8883,11.6,0
2026-09-07 10:00,5,1,0,5,70,45,25,14,27,10,14.4,35.8,2,2,23,23,0.6429,0.8983,12.9,0
2026-09-07 10:15,1,0,0,1,70,43,27,14,27,11,13.5,35.6,0,2,18,18,0.6143,0.915,9.6,0
2026-09-07 10:30,6,1,0,6,70,44,26,14,28,11,13.8,36.4,2,1,17,17,0.6286,0.93,10.3,0
2026-09-07 10:45,7,1,0,7,70,43,27,14,29,10,13.9,35.9,1,2,19,19,0.6143,0.9283,9.8,0
2026-09-07 11:00,8,1,0,8,70,43,27,15,28,11,15.0,36.3,2,2,22,22,0.6143,0.9533,10.6,0
2026-09-07 11:15,5,1,0,5,70,42,28,14,27,12,15.5,35.3,1,2,26,26,0.6,0.9317,10.8,0
2026-09-07 11:30,6,1,0,6,70,41,29,13,28,11,15.0,35.0,1,2,26,26,0.5857,0.9067,10.2,0
2026-09-07 11:45,10,1,0,10,70,42,28,14,27,11,14.2,35.2,3,2,29,29,0.6,0.915,11.7,0
2026-09-07 12:00,10,2,2,8,70,44,26,15,27,12,16.3,35.8,2,0,31,29,0.6286,0.955,15.6,0
2026-09-07 12:15,7,2,2,7,70,44,26,12,26,9,17.3,36.5,2,2,33,31,0.6286,0.82,18.1,0
2026-09-07 12:30,12,3,6,8,70,46,24,14,29,9,17.7,37.0,2,0,39,33,0.6571,0.9017,26.4,1
2026-09-07 12:45,11,3,9,8,70,48,22,15,28,10,20.1,36.8,2,0,40,31,0.6857,0.9017,34.7,1
2026-09-07 13:00,7,3,8,8,70,50,20,14,28,11,20.8,37.5,3,1,37,31,0.7143,0.89,32.8,1
2026-09-07 13:15,22,6,21,9,70,53,17,13,27,11,28.5,38.1,3,0,52,33,0.7571,0.7717,61.8,1
2026-09-07 13:30,18,6,30,9,70,54,16,14,26,9,36.9,39.0,3,2,58,34,0.7714,0.6967,74.5,1
2026-09-07 13:45,14,5,34,10,70,58,12,14,28,9,45.1,39.8,4,0,61,36,0.8286,0.6867,81.9,1
2026-09-07 14:00,20,6,43,11,70,60,10,14,26,11,55.5,40.2,4,2,74,39,0.8571,0.635,89.3,1
2026-09-07 14:15,13,5,50,6,70,61,9,12,26,10,68.8,40.8,2,1,65,36,0.8714,0.5317,94.8,1
2026-09-07 14:30,8,3,51,7,70,62,8,13,25,9,79.3,41.3,2,1,55,34,0.8857,0.5133,95.9,1
2026-09-07 14:45,19,5,63,7,70,65,5,14,27,11,95.8,41.8,3,0,60,31,0.9286,0.525,97.7,1
2026-09-07 15:00,13,4,68,8,70,66,4,12,24,9,114.1,42.5,2,1,53,28,0.9429,0.37,100.0,1
2026-09-07 15:15,12,3,74,6,70,66,4,12,22,7,120.0,42.7,2,2,52,28,0.9429,0.2767,100.0,1
2026-09-07 15:30,10,2,79,5,70,68,2,12,22,8,120.0,42.9,2,0,54,26,0.9714,0.2583,100.0,1
2026-09-07 15:45,11,2,85,5,70,68,2,12,24,9,120.0,43.3,2,2,46,24,0.9714,0.275,100.0,1
2026-09-07 16:00,14,2,94,5,70,68,2,12,24,9,120.0,43.7,2,2,47,21,0.9714,0.25,100.0,1
2026-09-07 16:15,15,1,104,5,70,68,2,10,23,8,120.0,44.1,2,2,50,20,0.9714,0.25,100.0,1
2026-09-07 16:30,7,0,107,4,70,68,2,10,24,8,120.0,43.9,1,1,47,19,0.9714,0.25,100.0,1
2026-09-07 16:45,8,1,111,4,70,63,7,12,23,10,120.0,43.8,1,6,44,18,0.9,0.25,98.8,1
2026-09-07 17:00,11,1,116,6,70,61,9,13,23,8,120.0,43.9,1,3,41,19,0.8714,0.25,97.1,1
2026-09-07 17:15,10,1,118,8,70,59,11,13,26,9,120.0,43.8,2,4,36,22,0.8429,0.25,92.8,1
2026-09-07 17:30,4,0,116,6,70,58,12,10,23,9,120.0,43.5,2,3,33,24,0.8286,0.25,87.2,1
2026-09-07 17:45,3,0,113,6,70,58,12,12,22,9,120.0,42.4,2,2,28,26,0.8286,0.25,80.4,1
2026-09-07 18:00,14,1,119,8,70,57,13,13,23,8,120.0,43.0,2,3,31,28,0.8143,0.25,81.2,1
2026-09-07 18:15,11,1,123,7,70,56,14,11,25,8,120.0,43.9,1,2,32,27,0.8,0.25,82.2,1
2026-09-07 18:30,14,1,129,8,70,55,15,12,25,8,120.0,43.9,2,3,42,29,0.7857,0.25,89.7,1
2026-09-07 18:45,15,1,135,9,70,55,15,13,26,8,120.0,44.7,2,2,54,32,0.7857,0.25,92.1,1
2026-09-07 19:00,12,1,137,10,70,55,15,12,23,9,120.0,43.9,2,2,52,34,0.7857,0.25,92.1,1
2026-09-07 19:15,15,1,145,7,70,54,16,12,24,9,120.0,42.9,1,2,56,34,0.7714,0.25,91.2,1
2026-09-07 19:30,8,0,145,8,70,54,16,13,23,8,120.0,43.0,2,2,50,34,0.7714,0.25,91.2,1
2026-09-07 19:45,9,1,144,10,70,54,16,14,24,8,120.0,43.4,2,2,44,35,0.7714,0.25,85.8,1
2026-09-07 20:00,17,1,152,9,70,54,16,12,21,8,120.0,43.5,2,2,49,34,0.7714,0.25,90.4,1
2026-09-07 20:15,11,1,155,8,70,52,18,11,24,8,120.0,42.7,1,3,45,35,0.7429,0.25,84.9,1
2026-09-07 20:30,7,0,154,8,70,52,18,13,22,8,120.0,42.9,2,2,44,35,0.7429,0.25,84.1,1
2026-09-07 20:45,8,1,152,10,70,54,16,12,21,8,120.0,42.9,3,1,43,35,0.7714,0.25,85.0,1
2026-09-07 21:00,9,1,153,8,70,55,15,13,23,8,120.0,43.2,3,2,35,34,0.7857,0.25,79.0,1
2026-09-07 21:15,5,0,150,8,70,56,14,12,22,9,120.0,42.4,2,1,29,34,0.8,0.25,75.9,1
2026-09-07 21:30,11,1,154,7,70,56,14,12,24,7,120.0,43.0,1,1,33,33,0.8,0.25,78.6,1
2026-09-07 21:45,7,1,153,8,70,55,15,10,25,9,120.0,43.6,1,2,32,31,0.7857,0.25,78.2,1
2026-09-07 22:00,9,1,154,8,70,56,14,12,23,10,120.0,43.9,2,1,32,31,0.8,0.25,79.1,1
2026-09-07 22:15,2,0,147,9,70,56,14,13,23,9,120.0,44.4,2,2,29,32,0.8,0.25,75.9,1
2026-09-07 22:30,4,0,144,7,70,57,13,12,23,8,120.0,44.0,2,1,22,32,0.8143,0.25,74.8,1
2026-09-07 22:45,8,1,143,9,70,56,14,13,24,8,120.0,44.5,2,3,23,33,0.8,0.25,74.3,1
2026-09-07 23:00,9,1,147,5,70,57,13,8,16,5,120.0,44.3,2,1,23,30,0.8143,0.25,75.1,1
2026-09-07 23:15,5,0,148,4,70,57,13,9,17,6,120.0,44.4,1,1,26,25,0.8143,0.25,78.3,1
2026-09-07 23:30,4,0,146,6,70,56,14,8,16,5,120.0,43.9,1,2,26,24,0.8,0.25,78.2,1
2026-09-07 23:45,2,0,142,6,70,55,15,8,19,6,120.0,43.9,1,2,20,21,0.7857,0.25,73.4,1
2026-09-08 00:00,3,0,139,6,70,54,16,8,16,8,120.0,44.1,0,1,14,22,0.7714,0.25,71.2,1
2026-09-08 00:15,1,0,135,5,70,53,17,8,16,6,120.0,44.2,1,2,10,23,0.7571,0.25,70.4,1
2026-09-08 00:30,2,0,131,6,70,52,18,8,18,7,120.0,43.8,1,2,8,23,0.7429,0.25,69.5,1
2026-09-08 00:45,1,0,128,4,70,50,20,7,17,5,120.0,44.1,0,2,7,21,0.7143,0.25,67.8,1
2026-09-08 01:00,2,0,123,7,70,52,18,8,18,6,120.0,44.1,2,0,6,22,0.7429,0.25,69.5,1
2026-09-08 01:15,4,0,122,5,70,53,17,8,16,6,120.0,44.0,2,1,9,22,0.7571,0.25,70.4,1
2026-09-08 01:30,4,0,120,6,70,53,17,7,16,7,120.0,43.0,1,1,11,22,0.7571,0.25,70.4,1
2026-09-08 01:45,0,0,114,6,70,53,17,7,17,5,120.0,43.3,1,1,10,24,0.7571,0.25,70.4,1
2026-09-08 02:00,3,0,111,6,70,52,18,8,15,6,120.0,43.3,1,2,11,23,0.7429,0.25,69.5,1
2026-09-08 02:15,2,0,108,5,70,53,17,6,15,5,120.0,43.5,2,1,9,23,0.7571,0.25,70.4,1
2026-09-08 02:30,2,0,103,7,70,54,16,9,17,6,120.0,43.0,1,0,7,24,0.7714,0.25,71.2,1
2026-09-08 02:45,0,0,96,7,70,55,15,9,15,7,120.0,42.9,2,1,7,25,0.7857,0.25,72.1,1
2026-09-08 03:00,1,0,91,6,70,56,14,10,17,6,120.0,42.7,1,0,5,25,0.8,0.25,72.9,1
2026-09-08 03:15,3,0,90,4,70,57,13,8,16,7,120.0,42.7,2,1,6,24,0.8143,0.25,73.8,1
2026-09-08 03:30,3,0,88,5,70,56,14,7,16,7,120.0,43.0,1,2,7,22,0.8,0.25,72.9,1
2026-09-08 03:45,1,0,85,4,70,56,14,8,18,7,120.0,43.2,1,1,8,19,0.8,0.25,72.9,1
2026-09-08 04:00,1,0,79,7,70,57,13,8,17,6,120.0,43.8,2,1,8,20,0.8143,0.25,73.8,1
2026-09-08 04:15,2,0,74,7,70,57,13,9,16,6,120.0,44.1,1,1,7,23,0.8143,0.25,73.8,1
2026-09-08 04:30,1,0,70,5,70,55,15,8,18,7,120.0,43.8,0,2,5,23,0.7857,0.25,72.1,1
2026-09-08 04:45,1,0,66,5,70,56,14,8,16,6,120.0,44.3,2,1,5,24,0.8,0.25,72.9,1
2026-09-08 05:00,0,0,62,4,70,55,15,7,17,6,120.0,44.3,1,2,4,21,0.7857,0.25,72.1,1
2026-09-08 05:15,1,0,57,6,70,56,14,8,17,6,120.0,44.8,2,1,3,20,0.8,0.25,72.9,1
2026-09-08 05:30,1,0,54,4,70,56,14,8,16,7,120.0,44.3,1,1,3,19,0.8,0.25,72.9,1
2026-09-08 05:45,1,0,50,5,70,56,14,8,17,6,120.0,44.5,2,2,3,19,0.8,0.2617,72.9,1
2026-09-08 06:00,1,0,46,5,70,55,15,8,16,6,120.0,43.8,1,2,4,20,0.7857,0.2717,72.1,1
2026-09-08 06:15,6,1,48,4,70,56,14,7,15,6,120.0,43.9,2,1,9,18,0.8,0.25,72.9,1
2026-09-08 06:30,3,0,45,6,70,56,14,7,17,8,120.0,43.6,1,1,11,20,0.8,0.2967,72.9,1
2026-09-08 06:45,7,1,48,4,70,56,14,8,18,5,120.0,43.1,1,1,17,19,0.8,0.27,72.9,1
2026-09-08 07:00,4,1,43,9,70,57,13,15,25,12,120.0,42.3,2,1,20,23,0.8143,0.675,69.9,1
2026-09-08 07:15,3,0,36,10,70,57,13,15,25,11,120.0,42.2,2,2,17,29,0.8143,0.6933,69.1,1
2026-09-08 07:30,2,0,28,10,70,58,12,15,26,9,120.0,41.5,2,1,16,33,0.8286,0.71,69.7,0
2026-09-08 07:45,1,0,22,7,70,59,11,14,25,11,104.2,41.7,2,1,10,36,0.8429,0.73,64.4,0
2026-09-08 08:00,4,1,19,7,70,58,12,14,29,9,90.1,41.4,1,2,10,34,0.8286,0.7767,60.0,0
2026-09-08 08:15,3,0,14,8,70,57,13,14,27,11,77.5,40.9,2,3,10,32,0.8143,0.81,53.9,0
2026-09-08 08:30,4,1,10,8,70,57,13,15,27,11,67.6,40.7,2,2,12,30,0.8143,0.8533,49.4,0
2026-09-08 08:45,5,1,8,7,70,57,13,15,28,12,59.7,40.4,2,2,16,30,0.8143,0.895,45.8,0
2026-09-08 09:00,5,1,6,7,70,56,14,15,27,9,51.9,40.2,1,2,17,30,0.8,0.845,40.0,0
2026-09-08 09:15,5,1,3,8,70,56,14,14,26,12,45.6,39.8,2,2,19,30,0.8,0.8717,34.0,0
2026-09-08 09:30,3,0,0,6,70,55,15,13,27,11,38.8,39.6,1,2,18,28,0.7857,0.8667,29.7,0
2026-09-08 09:45,5,1,0,5,70,53,17,15,26,12,32.8,39.3,0,2,18,26,0.7571,0.925,24.4,0
2026-09-08 10:00,7,1,0,7,70,51,19,15,27,9,27.7,39.2,1,3,20,26,0.7286,0.9,21.1,0
2026-09-08 10:15,5,1,0,5,70,50,20,14,27,11,24.9,38.3,1,2,20,23,0.7143,0.915,18.7,0
2026-09-08 10:30,7,1,0,7,70,48,22,13,28,12,20.7,37.6,1,3,24,24,0.6857,0.9233,17.6,0
2026-09-08 10:45,5,1,0,5,70,46,24,15,26,11,19.0,37.8,0,2,24,24,0.6571,0.9233,15.1,0
2026-09-08 11:00,4,0,0,4,70,44,26,14,25,10,16.8,37.4,1,3,21,21,0.6286,0.8683,12.3,0
2026-09-08 11:15,6,1,0,6,70,44,26,15,28,12,17.7,37.3,1,1,22,22,0.6286,0.97,12.2,0
2026-09-08 11:30,9,1,0,9,70,44,26,15,28,11,17.3,37.2,3,3,24,24,0.6286,0.9533,12.6,0
2026-09-08 11:45,5,1,0,5,70,43,27,14,27,10,15.6,37.5,1,2,24,24,0.6143,0.8983,11.4,0
2026-09-08 12:00,6,1,0,6,70,43,27,13,27,11,16.0,37.9,2,2,26,26,0.6143,0.8917,12.1,0
2026-09-08 12:15,8,1,0,8,70,41,29,14,27,11,14.9,38.1,1,3,28,28,0.5857,0.915,10.6,0
2026-09-08 12:30,3,0,0,3,70,38,32,14,28,11,14.5,37.0,0,3,22,22,0.5429,0.93,6.4,0
2026-09-08 12:45,13,1,4,9,70,37,33,14,27,9,16.0,36.3,2,3,30,26,0.5286,0.8817,12.3,0
2026-09-08 13:00,7,1,1,10,70,38,32,14,27,10,16.2,36.5,3,2,31,30,0.5429,0.8983,10.0,0
2026-09-08 13:15,2,0,0,3,70,37,33,15,25,11,16.0,35.4,1,2,25,25,0.5286,0.9083,6.5,0
2026-09-08 13:30,6,1,0,6,70,35,35,13,27,10,16.3,35.5,1,3,28,28,0.5,0.875,6.3,0
2026-09-08 13:45,5,0,0,5,70,34,36,14,27,10,15.8,35.4,1,2,20,24,0.4857,0.8983,1.2,0
2026-09-08 14:00,5,0,0,5,70,33,37,15,27,11,15.1,35.7,1,2,18,19,0.4714,0.9383,0.8,0
2026-09-08 14:15,5,0,0,5,70,32,38,15,29,9,15.2,36.1,0,1,21,21,0.4571,0.935,2.4,0
2026-09-08 14:30,5,0,0,5,70,32,38,15,28,10,14.9,36.0,1,1,20,20,0.4571,0.9367,2.1,0
2026-09-08 14:45,9,1,0,9,70,32,38,14,25,12,13.9,35.5,2,2,24,24,0.4571,0.9017,3.5,0
2026-09-08 15:00,10,1,0,10,70,33,37,13,23,8,13.6,34.7,3,2,29,29,0.4714,0.7817,6.6,0
2026-09-08 15:15,6,0,0,6,70,32,38,12,22,8,15.4,35.1,1,2,30,30,0.4571,0.7433,7.4,0
2026-09-08 15:30,8,1,0,8,70,33,37,13,22,9,14.8,35.1,3,2,33,33,0.4714,0.7833,7.6,0
2026-09-08 15:45,2,0,0,2,70,32,38,11,23,9,13.9,35.6,1,2,26,26,0.4571,0.7517,6.2,0
2026-09-08 16:00,8,1,0,8,70,32,38,12,25,9,13.7,35.5,3,3,24,24,0.4571,0.805,4.9,0
2026-09-08 16:15,5,0,0,5,70,31,39,13,21,8,13.0,34.9,1,2,23,23,0.4429,0.7517,5.4,0
2026-09-08 16:30,4,0,0,4,70,30,40,11,24,8,14.1,34.5,1,2,19,19,0.4286,0.75,4.3,0
2026-09-08 16:45,9,1,1,8,70,30,40,13,24,7,14.2,34.4,2,2,26,25,0.4286,0.78,6.6,0
2026-09-08 17:00,5,0,0,6,70,31,39,12,23,9,13.3,34.5,1,0,23,23,0.4429,0.775,5.0,0
2026-09-08 17:15,8,0,0,8,70,32,38,12,22,8,13.8,34.6,2,1,26,26,0.4571,0.7433,6.3,0
2026-09-08 17:30,6,0,0,6,70,32,38,11,22,7,13.6,35.3,1,1,28,28,0.4571,0.7033,7.4,0
2026-09-08 17:45,2,0,0,2,70,33,37,12,24,8,12.9,35.0,1,0,21,22,0.4714,0.7733,3.7,0
2026-09-08 18:00,13,1,4,9,70,34,36,12,24,8,16.1,34.2,2,1,29,25,0.4857,0.7733,11.1,0
2026-09-08 18:15,11,1,5,10,70,34,36,12,23,9,17.7,35.0,2,2,32,27,0.4857,0.775,14.4,0
2026-09-08 18:30,10,1,7,8,70,35,35,12,23,9,20.0,35.8,2,1,36,29,0.5,0.775,21.0,0
2026-09-08 18:45,11,1,11,7,70,35,35,12,23,7,22.3,35.8,2,2,45,34,0.5,0.7417,30.6,0
2026-09-08 19:00,7,0,9,9,70,35,35,13,21,10,22.8,36.6,2,2,39,34,0.5,0.785,23.3,0
2026-09-08 19:15,8,0,8,9,70,37,33,12,24,9,24.1,36.9,3,1,36,33,0.5286,0.79,22.2,0
2026-09-08 19:30,10,1,10,8,70,39,31,12,21,9,24.8,36.9,3,1,36,33,0.5571,0.745,26.8,0
2026-09-08 19:45,4,0,6,8,70,40,30,12,24,9,23.9,35.5,2,1,29,34,0.5714,0.79,17.0,0
2026-09-08 20:00,3,0,1,8,70,43,27,12,22,7,20.5,36.0,3,0,25,33,0.6143,0.7267,14.8,0
2026-09-08 20:15,8,1,1,8,70,42,28,13,21,9,18.8,35.9,2,3,25,32,0.6,0.7683,12.5,0
2026-09-08 20:30,12,1,6,7,70,43,27,12,24,8,20.7,35.8,2,1,27,31,0.6143,0.7733,17.7,0
2026-09-08 20:45,11,1,9,8,70,45,25,12,22,9,22.7,36.9,2,0,34,31,0.6429,0.74,29.5,0
2026-09-08 21:00,10,1,11,8,70,47,23,12,23,7,25.2,37.2,2,0,41,31,0.6714,0.7017,41.9,0
2026-09-08 21:15,11,1,15,7,70,49,21,12,24,9,28.2,38.1,2,0,44,30,0.7,0.72,51.7,0
2026-09-08 21:30,9,1,16,8,70,50,20,13,22,10,31.5,38.3,2,1,41,31,0.7143,0.72,52.0,0
2026-09-08 21:45,9,1,17,8,70,50,20,11,23,8,34.1,39.1,2,2,39,31,0.7143,0.65,53.4,0
2026-09-08 22:00,1,0,12,6,70,50,20,13,22,8,33.6,39.3,1,1,30,29,0.7143,0.7067,39.6,0
2026-09-08 22:15,6,0,12,6,70,50,20,12,24,9,33.3,39.8,1,1,25,28,0.7143,0.73,35.4,0
2026-09-08 22:30,2,0,7,7,70,52,18,13,22,9,31.5,40.0,2,0,18,27,0.7429,0.7383,29.4,0
2026-09-08 22:45,4,0,5,6,70,52,18,12,21,9,29.0,40.1,1,1,13,25,0.7429,0.71,26.7,0
2026-09-08 23:00,1,0,2,4,70,51,19,8,17,6,28.0,40.3,0,1,13,23,0.7286,0.5267,26.1,0
2026-09-08 23:15,4,0,1,5,70,52,18,8,16,7,27.0,40.4,2,1,11,22,0.7429,0.5283,26.5,0
2026-09-08 23:30,4,0,0,5,70,51,19,9,15,6,25.3,41.2,0,1,13,20,0.7286,0.53,24.8,0
2026-09-08 23:45,2,0,0,2,70,51,19,7,16,6,24.3,41.1,1,1,11,16,0.7286,0.4983,24.8,0
2026-09-09 00:00,2,0,0,2,70,52,18,7,16,7,23.5,41.5,1,0,12,14,0.7429,0.51,25.1,0
2026-09-09 00:15,3,0,0,3,70,52,18,7,16,6,22.1,42.0,1,1,11,12,0.7429,0.4933,25.4,0
2026-09-09 00:30,1,0,0,1,70,51,19,8,17,6,21.8,41.4,0,1,8,8,0.7286,0.5367,24.6,0
2026-09-09 00:45,3,0,0,3,70,51,19,7,16,6,20.8,41.9,0,0,9,9,0.7286,0.4983,24.7,0
2026-09-09 01:00,2,0,0,2,70,50,20,8,15,6,20.3,41.0,0,1,9,9,0.7143,0.5117,23.4,0
2026-09-09 01:15,0,0,0,0,70,48,22,8,17,6,20.5,41.0,0,2,6,6,0.6857,0.5417,21.4,0
2026-09-09 01:30,2,0,0,2,70,47,23,8,16,6,21.3,40.8,0,1,7,7,0.6714,0.5267,21.1,0
2026-09-09 01:45,1,0,0,1,70,46,24,7,15,6,21.1,40.6,0,1,5,5,0.6571,0.4883,20.7,0
2026-09-09 02:00,1,0,0,1,70,46,24,8,17,6,21.9,40.8,0,0,4,4,0.6571,0.5417,20.3,0
2026-09-09 02:15,1,0,0,1,70,46,24,7,17,6,22.2,41.3,0,0,5,5,0.6571,0.5183,20.8,0
2026-09-09 02:30,3,0,0,3,70,46,24,8,18,6,22.3,41.2,1,1,6,6,0.6571,0.5567,20.3,0
2026-09-09 02:45,2,0,0,2,70,45,25,9,15,6,20.4,41.3,0,1,7,7,0.6429,0.535,18.9,0
2026-09-09 03:00,4,1,0,4,70,45,25,8,16,5,20.8,41.2,0,0,10,10,0.6429,0.51,19.4,0
2026-09-09 03:15,0,0,0,0,70,43,27,7,18,6,21.9,41.7,0,2,9,9,0.6143,0.5333,17.9,0
2026-09-09 03:30,4,1,0,4,70,43,27,8,15,5,22.0,41.1,1,1,10,10,0.6143,0.495,18.5,0
2026-09-09 03:45,2,0,0,2,70,43,27,8,17,7,21.6,40.5,0,0,10,10,0.6143,0.5583,17.4,0
2026-09-09 04:00,0,0,0,0,70,42,28,9,17,6,21.3,39.7,0,1,6,6,0.6,0.565,16.3,0
2026-09-09 04:15,3,0,0,3,70,42,28,8,18,6,21.1,39.0,0,0,9,9,0.6,0.5567,16.4,0
2026-09-09 04:30,1,0,0,1,70,43,27,8,17,6,20.7,38.9,1,0,6,6,0.6143,0.5417,17.2,0
2026-09-09 04:45,2,0,0,2,70,43,27,8,17,7,19.7,38.7,1,1,6,6,0.6143,0.5583,16.5,0
2026-09-09 05:00,2,0,0,2,70,44,26,8,17,7,19.0,39.4,1,0,8,8,0.6286,0.5583,17.0,0
2026-09-09 05:15,1,0,0,1,70,45,25,8,15,6,19.4,40.3,1,0,6,6,0.6429,0.5117,18.7,0
2026-09-09 05:30,2,0,0,2,70,44,26,8,17,5,20.1,40.6,0,1,7,7,0.6286,0.525,18.0,0
2026-09-09 05:45,1,0,0,1,70,43,27,8,16,5,20.2,40.2,1,2,6,6,0.6143,0.51,17.5,0
2026-09-09 06:00,7,1,2,5,70,44,26,8,17,6,22.2,40.2,1,0,11,9,0.6286,0.5417,20.4,0
2026-09-09 06:15,5,1,3,4,70,44,26,8,15,6,25.3,39.8,1,1,15,12,0.6286,0.5117,23.1,0
2026-09-09 06:30,3,0,1,5,70,45,25,8,15,7,26.1,39.1,1,0,16,15,0.6429,0.5283,22.5,0
2026-09-09 06:45,4,1,0,5,70,46,24,8,18,6,23.4,39.0,1,0,19,19,0.6571,0.5567,21.1,0
2026-09-09 07:00,2,0,0,2,70,46,24,14,27,12,19.3,38.2,1,1,14,16,0.6571,0.9317,12.0,0
2026-09-09 07:15,5,1,0,5,70,46,24,13,26,11,18.0,38.2,1,1,14,17,0.6571,0.8767,12.1,0
2026-09-09 07:30,3,0,0,3,70,47,23,13,26,12,16.9,37.5,1,0,14,15,0.6714,0.8933,12.9,0
2026-09-09 07:45,3,0,0,3,70,48,22,14,26,10,15.8,37.8,1,0,13,13,0.6857,0.8833,14.2,0
2026-09-09 08:00,3,0,0,3,70,48,22,14,26,11,14.8,37.0,1,1,14,14,0.6857,0.9,14.0,0
2026-09-09 08:15,6,1,0,6,70,50,20,14,28,10,13.9,37.7,2,0,15,15,0.7143,0.9133,15.5,0
2026-09-09 08:30,4,1,0,4,70,50,20,14,26,11,12.7,37.8,2,2,16,16,0.7143,0.9,15.7,0
2026-09-09 08:45,1,0,0,1,70,49,21,15,28,10,12.9,38.8,0,1,14,14,0.7,0.9367,14.6,0
2026-09-09 09:00,2,0,0,2,70,47,23,13,27,11,13.3,38.8,1,3,13,13,0.6714,0.8917,13.3,0
2026-09-09 09:15,4,1,0,4,70,47,23,14,28,9,11.9,38.0,1,1,11,11,0.6714,0.8967,13.2,0
2026-09-09 09:30,7,1,0,7,70,47,23,15,24,11,12.8,37.2,1,1,14,14,0.6714,0.8933,13.3,0
2026-09-09 09:45,5,1,0,5,70,48,22,13,26,9,12.5,37.6,2,1,18,18,0.6857,0.8433,14.8,0
2026-09-09 10:00,6,1,0,6,70,46,24,15,26,9,12.0,37.5,1,3,22,22,0.6571,0.89,13.5,0
2026-09-09 10:15,3,0,0,3,70,45,25,14,28,10,12.4,37.5,1,2,21,21,0.6429,0.9133,12.1,0
2026-09-09 10:30,12,1,4,8,70,45,25,14,28,11,14.6,37.0,2,2,26,22,0.6429,0.93,17.4,0
2026-09-09 10:45,5,1,1,8,70,47,23,13,25,10,16.0,36.6,3,1,26,25,0.6714,0.845,16.9,0
2026-09-09 11:00,6,1,0,7,70,47,23,14,25,11,14.7,36.4,2,2,26,26,0.6714,0.885,15.6,0
2026-09-09 11:15,11,1,1,10,70,47,23,14,27,12,14.6,35.8,2,2,34,33,0.6714,0.9317,18.0,0
2026-09-09 11:30,5,1,0,6,70,46,24,13,28,9,13.2,36.0,1,2,27,31,0.6571,0.8733,13.6,0
2026-09-09 11:45,7,1,0,7,70,48,22,13,26,11,11.7,36.4,3,1,29,30,0.6857,0.8767,16.6,0
2026-09-09 12:00,2,0,0,2,70,48,22,14,27,11,11.4,36.8,1,1,25,25,0.6857,0.915,15.7,0
2026-09-09 12:15,5,0,0,5,70,47,23,13,28,9,12.0,36.6,1,2,19,20,0.6714,0.8733,13.0,0
2026-09-09 12:30,2,0,0,2,70,45,25,14,28,11,12.3,36.0,0,2,16,16,0.6429,0.93,11.2,0
2026-09-09 12:45,4,0,0,4,70,42,28,15,30,10,13.3,35.8,0,3,13,13,0.6,0.9667,8.6,0
2026-09-09 13:00,3,0,0,3,70,41,29,15,26,10,14.0,35.8,1,2,14,14,0.5857,0.9067,8.0,0
2026-09-09 13:15,6,1,0,6,70,42,28,14,28,11,13.8,36.5,3,2,15,15,0.6,0.93,8.6,0
2026-09-09 13:30,5,0,0,5,70,40,30,14,28,10,14.3,36.6,0,2,18,18,0.5714,0.9133,7.1,0
2026-09-09 13:45,5,0,0,5,70,40,30,13,25,10,14.7,36.9,2,2,19,19,0.5714,0.845,8.3,0
2026-09-09 14:00,6,0,0,6,70,39,31,13,29,11,13.7,37.2,1,2,22,22,0.5571,0.9217,7.2,0
2026-09-09 14:15,5,0,0,5,70,39,31,15,28,11,12.8,37.4,1,1,21,21,0.5571,0.9533,6.9,0
2026-09-09 14:30,8,1,0,8,70,40,30,15,27,11,13.0,36.6,2,1,24,24,0.5714,0.9383,8.6,0
2026-09-09 14:45,11,1,3,8,70,39,31,13,29,11,14.4,36.3,2,3,30,27,0.5571,0.9217,11.7,0
2026-09-09 15:00,6,0,0,9,70,39,31,13,23,10,13.7,35.8,2,2,30,30,0.5571,0.815,10.9,0
2026-09-09 15:15,6,0,0,6,70,38,32,13,23,10,14.5,34.7,2,3,31,31,0.5429,0.815,10.3,0
2026-09-09 15:30,5,0,0,5,70,38,32,12,22,9,13.1,34.3,1,1,28,28,0.5429,0.76,10.3,0
2026-09-09 15:45,7,1,0,7,70,38,32,11,22,8,13.1,34.9,2,2,24,27,0.5429,0.72,8.3,0
2026-09-09 16:00,7,0,0,7,70,37,33,12,23,9,13.2,34.4,1,2,25,25,0.5286,0.775,8.4,0
2026-09-09 16:15,7,0,0,7,70,36,34,12,23,8,13.6,34.5,1,2,26,26,0.5143,0.7583,8.1,0
2026-09-09 16:30,7,0,0,7,70,36,34,13,23,8,13.8,34.9,2,2,28,28,0.5143,0.7817,8.3,0
2026-09-09 16:45,10,1,2,8,70,36,34,11,22,9,15.4,34.7,2,2,31,29,0.5143,0.7367,11.3,0
2026-09-09 17:00,6,0,0,8,70,36,34,13,25,9,15.1,35.2,2,2,30,30,0.5143,0.8283,8.2,0
2026-09-09 17:15,8,0,0,8,70,39,31,12,23,9,15.0,34.9,3,0,31,31,0.5571,0.775,11.8,0
2026-09-09 17:30,9,1,2,7,70,40,30,13,23,9,16.2,35.2,1,0,33,31,0.5714,0.7983,14.5,0
2026-09-09 17:45,10,1,4,8,70,41,29,12,24,8,17.7,36.4,2,1,33,31,0.5857,0.7733,17.4,0
2026-09-09 18:00,8,0,5,7,70,42,28,13,23,8,19.6,37.5,2,1,35,30,0.6,0.7817,22.8,0
2026-09-09 18:15,9,1,8,6,70,42,28,11,21,8,22.4,37.2,1,1,36,28,0.6,0.705,30.8,0
2026-09-09 18:30,6,0,8,6,70,42,28,12,21,7,23.9,36.7,1,1,33,27,0.6,0.7117,29.0,0
2026-09-09 18:45,7,0,9,6,70,42,28,11,24,10,26.6,36.5,1,1,30,25,0.6,0.7783,28.7,0
2026-09-09 19:00,5,0,9,5,70,42,28,11,25,8,28.8,36.9,2,2,27,23,0.6,0.76,28.4,0
2026-09-09 19:15,11,1,10,10,70,43,27,14,22,9,29.8,37.1,3,2,29,27,0.6143,0.7917,29.2,0
2026-09-09 19:30,8,0,12,6,70,43,27,11,23,9,31.6,37.4,1,1,31,27,0.6143,0.7267,35.1,0
2026-09-09 19:45,11,1,16,7,70,42,28,13,23,7,34.2,37.5,1,2,35,28,0.6,0.725,42.7,0
2026-09-09 20:00,11,1,20,7,70,43,27,12,23,8,37.7,37.2,2,1,41,30,0.6143,0.6933,54.0,0
2026-09-09 20:15,11,1,23,8,70,43,27,13,23,8,42.5,37.2,2,2,41,28,0.6143,0.7017,60.7,0
2026-09-09 20:30,7,0,22,8,70,44,26,13,24,8,45.8,37.0,2,1,40,30,0.6286,0.7167,59.6,0
2026-09-09 20:45,7,0,21,8,70,46,24,12,22,8,47.7,37.6,3,1,36,31,0.6571,0.6583,57.1,0
2026-09-09 21:00,5,0,17,9,70,47,23,13,21,9,46.8,38.3,2,1,30,33,0.6714,0.6983,46.0,0
2026-09-09 21:15,11,1,20,8,70,48,22,11,22,9,46.7,38.3,1,0,30,33,0.6857,0.6467,50.4,0
2026-09-09 21:30,7,1,19,8,70,48,22,11,22,7,46.4,38.4,1,1,30,33,0.6857,0.6183,49.7,0
2026-09-09 21:45,11,1,23,7,70,48,22,12,22,8,48.2,39.5,1,1,34,32,0.6857,0.6383,58.3,0
2026-09-09 22:00,4,0,20,7,70,49,21,11,23,9,47.8,39.0,2,1,33,30,0.7,0.6567,56.3,0
2026-09-09 22:15,8,1,20,8,70,50,20,11,22,9,47.3,39.2,2,1,30,30,0.7143,0.6367,54.1,0
2026-09-09 22:30,5,0,19,6,70,52,18,12,23,6,49.2,39.6,2,0,28,28,0.7429,0.62,55.4,0
2026-09-09 22:45,3,0,14,8,70,53,17,12,23,10,47.9,39.8,2,1,20,29,0.7571,0.7067,45.8,0
2026-09-09 23:00,5,0,15,4,70,52,18,6,17,6,49.7,40.5,1,2,21,26,0.7429,0.41,51.4,0
2026-09-09 23:15,0,0,10,5,70,50,20,8,16,5,48.7,40.7,0,2,13,23,0.7143,0.46,42.9,0
2026-09-09 23:30,2,0,6,6,70,50,20,8,16,6,45.4,40.6,1,1,10,23,0.7143,0.4967,36.9,0
2026-09-09 23:45,6,1,7,5,70,52,18,8,16,7,43.1,40.2,2,0,13,20,0.7429,0.4983,38.5,0
2026-09-10 00:00,4,0,6,5,70,50,20,8,17,5,40.8,39.8,0,2,12,21,0.7143,0.495,34.8,0
2026-09-10 00:15,0,0,2,4,70,50,20,8,17,6,37.4,39.8,1,1,12,20,0.7143,0.5317,29.7,0
2026-09-10 00:30,0,0,0,2,70,48,22,6,16,6,34.4,39.0,0,2,10,16,0.6857,0.48,27.4,0
2026-09-10 00:45,1,0,0,1,70,47,23,8,17,6,29.8,38.8,0,1,5,12,0.6714,0.5417,23.4,0
2026-09-10 01:00,2,0,0,2,70,46,24,7,17,7,27.7,37.7,0,1,3,9,0.6571,0.535,21.7,0
2026-09-10 01:15,1,0,0,1,70,47,23,8,16,6,24.7,38.3,1,0,4,6,0.6714,0.5267,21.2,0
2026-09-10 01:30,5,1,0,5,70,49,21,8,18,6,23.4,37.9,2,0,9,9,0.7,0.5567,23.4,0
2026-09-10 01:45,0,0,0,0,70,49,21,8,16,7,22.7,38.0,0,0,8,8,0.7,0.5433,23.2,0
2026-09-10 02:00,0,0,0,0,70,48,22,8,15,5,21.3,37.4,0,1,6,6,0.6857,0.495,22.4,0
2026-09-10 02:15,2,0,0,2,70,47,23,8,18,6,19.5,38.0,0,1,7,7,0.6714,0.5567,19.8,0
2026-09-10 02:30,1,0,0,1,70,46,24,8,18,6,18.5,39.0,0,1,3,3,0.6571,0.5567,18.5,0
2026-09-10 02:45,1,0,0,1,70,45,25,7,18,7,18.6,38.8,0,1,4,4,0.6429,0.55,17.8,0
2026-09-10 03:00,1,0,0,1,70,44,26,7,15,5,20.3,38.4,1,2,5,5,0.6286,0.4717,18.9,0
2026-09-10 03:15,2,0,0,2,70,45,25,7,19,7,19.6,39.0,1,0,5,5,0.6429,0.565,18.1,0
2026-09-10 03:30,0,0,0,0,70,44,26,8,16,7,17.2,38.8,0,1,4,4,0.6286,0.5433,16.4,0
2026-09-10 03:45,1,0,0,1,70,44,26,9,16,6,18.2,38.0,1,1,4,4,0.6286,0.55,16.8,0
2026-09-10 04:00,2,0,0,2,70,44,26,8,16,6,17.8,39.1,0,0,5,5,0.6286,0.5267,16.9,0
2026-09-10 04:15,3,0,0,3,70,44,26,8,16,6,17.8,40.2,1,1,6,6,0.6286,0.5267,16.9,0
2026-09-10 04:30,3,0,0,3,70,44,26,8,17,6,19.1,41.4,2,2,9,9,0.6286,0.5417,17.3,0
2026-09-10 04:45,0,0,0,0,70,43,27,7,17,6,19.2,41.5,0,1,8,8,0.6143,0.5183,16.9,0
2026-09-10 05:00,4,1,0,4,70,44,26,8,17,7,19.0,41.7,1,0,10,10,0.6286,0.5583,17.0,0
2026-09-10 05:15,1,0,0,1,70,44,26,8,17,6,18.6,40.9,0,0,8,8,0.6286,0.5417,17.1,0
2026-09-10 05:30,4,1,0,4,70,44,26,9,16,7,19.1,41.0,1,1,9,9,0.6286,0.5667,17.0,0
2026-09-10 05:45,0,0,0,0,70,44,26,9,17,6,18.3,40.8,0,0,9,9,0.6286,0.565,16.6,0
2026-09-10 06:00,4,1,0,4,70,43,27,8,16,6,17.4,39.8,1,2,9,9,0.6143,0.5267,15.9,0
2026-09-10 06:15,5,1,1,4,70,43,27,7,16,6,19.1,39.1,0,0,13,12,0.6143,0.5033,17.8,0
2026-09-10 06:30,2,0,0,3,70,43,27,8,15,6,20.0,38.9,1,1,11,11,0.6143,0.5117,17.3,0
2026-09-10 06:45,11,2,6,5,70,42,28,8,18,6,24.9,38.7,0,1,22,16,0.6,0.5567,26.8,0
2026-09-10 07:00,1,0,0,7,70,42,28,14,28,9,22.5,38.3,2,2,19,19,0.6,0.8967,12.4,0
2026-09-10 07:15,1,0,0,1,70,42,28,14,27,11,21.4,36.8,1,1,15,16,0.6,0.915,10.5,0
2026-09-10 07:30,7,1,0,7,70,43,27,14,29,11,19.8,37.2,1,0,20,20,0.6143,0.945,11.9,0
2026-09-10 07:45,4,1,0,4,70,44,26,14,26,12,17.3,36.2,1,0,13,19,0.6286,0.9167,9.5,0
2026-09-10 08:00,5,1,0,5,70,44,26,14,28,11,16.8,36.6,1,1,17,17,0.6286,0.93,10.7,0
2026-09-10 08:15,8,1,0,8,70,45,25,14,27,9,15.4,36.6,2,1,24,24,0.6429,0.8817,13.4,0
2026-09-10 08:30,4,1,0,4,70,44,26,14,27,10,14.6,37.3,1,2,21,21,0.6286,0.8983,11.5,0
2026-09-10 08:45,2,0,0,2,70,44,26,14,25,11,14.6,37.1,1,1,19,19,0.6286,0.885,11.1,0
2026-09-10 09:00,3,0,0,3,70,44,26,14,27,10,15.2,36.8,1,1,17,17,0.6286,0.8983,10.7,0
2026-09-10 09:15,5,1,0,5,70,45,25,14,25,10,14.9,36.3,2,1,14,14,0.6429,0.8683,11.9,0
2026-09-10 09:30,4,1,0,4,70,45,25,14,27,10,15.7,36.8,2,2,14,14,0.6429,0.8983,11.5,0
2026-09-10 09:45,5,1,0,5,70,45,25,13,27,11,16.0,36.7,1,1,17,17,0.6429,0.8917,11.6,0
2026-09-10 10:00,7,1,0,7,70,44,26,13,27,10,14.8,36.7,1,2,21,21,0.6286,0.875,11.8,0
2026-09-10 10:15,7,1,0,7,70,44,26,12,26,10,14.0,36.4,2,2,23,23,0.6286,0.8367,12.9,0
2026-09-10 10:30,10,1,1,9,70,45,25,14,26,11,14.9,36.5,3,2,29,28,0.6429,0.9,15.3,0
2026-09-10 10:45,6,1,0,7,70,46,24,13,25,10,13.6,36.8,2,1,30,30,0.6571,0.845,16.4,0
2026-09-10 11:00,10,1,0,10,70,45,25,14,25,11,13.3,37.8,1,2,33,33,0.6429,0.885,15.8,0
2026-09-10 11:15,7,1,0,7,70,46,24,14,28,10,13.2,36.4,3,2,33,33,0.6571,0.9133,16.2,0
2026-09-10 11:30,4,0,0,4,70,45,25,14,28,10,14.0,36.0,1,2,27,28,0.6429,0.9133,13.0,0
2026-09-10 11:45,5,1,0,5,70,45,25,14,28,10,15.4,36.8,1,1,26,26,0.6429,0.9133,13.5,0
2026-09-10 12:00,3,0,0,3,70,43,27,14,28,9,14.0,36.8,0,2,19,19,0.6143,0.8967,10.1,0
2026-09-10 12:15,10,1,1,9,70,42,28,14,26,10,15.0,36.5,2,3,22,21,0.6,0.8833,11.0,0
2026-09-10 12:30,6,1,0,7,70,42,28,15,27,10,15.5,36.2,3,3,24,24,0.6,0.9217,10.3,0
2026-09-10 12:45,4,0,0,4,70,40,30,15,27,11,15.8,36.1,1,3,23,23,0.5714,0.9383,8.3,0
2026-09-10 13:00,12,1,4,8,70,40,30,13,28,10,17.4,35.8,3,3,32,28,0.5714,0.89,16.0,0
2026-09-10 13:15,7,1,3,8,70,41,29,13,26,12,16.7,35.9,2,1,29,27,0.5857,0.8933,13.1,0
2026-09-10 13:30,3,0,0,6,70,41,29,13,30,9,15.0,35.7,1,1,26,26,0.5857,0.9033,10.2,0
2026-09-10 13:45,9,1,0,9,70,42,28,15,27,11,14.8,35.0,2,1,31,31,0.6,0.9383,12.2,0
2026-09-10 14:00,12,1,2,10,70,42,28,14,28,9,15.3,35.1,3,3,31,33,0.6,0.8967,11.0,0
2026-09-10 14:15,7,1,1,8,70,43,27,13,27,9,13.4,34.8,2,1,31,33,0.6143,0.8583,12.4,0
2026-09-10 14:30,4,0,0,5,70,42,28,14,28,11,13.3,35.0,1,2,32,32,0.6,0.93,12.5,0
2026-09-10 14:45,3,0,0,3,70,42,28,14,27,11,13.7,35.9,1,1,26,26,0.6,0.915,10.9,0
2026-09-10 15:00,11,1,3,8,70,43,27,11,23,8,13.8,36.5,2,1,25,24,0.6143,0.735,14.9,0
2026-09-10 15:15,4,0,0,7,70,43,27,12,24,9,14.1,35.8,1,1,22,23,0.6143,0.79,11.7,0
2026-09-10 15:30,11,1,5,6,70,43,27,12,22,9,15.6,36.0,1,1,29,24,0.6143,0.76,20.6,0
2026-09-10 15:45,13,1,11,7,70,43,27,13,25,9,19.5,36.4,2,2,39,28,0.6143,0.8083,34.8,0
2026-09-10 16:00,5,0,10,6,70,41,29,12,23,8,23.8,36.5,2,4,33,26,0.5857,0.7533,30.2,0
2026-09-10 16:15,7,0,9,8,70,40,30,12,24,8,26.6,35.8,2,3,36,27,0.5714,0.7733,31.8,0
2026-09-10 16:30,5,0,5,9,70,40,30,12,24,8,24.7,36.1,3,3,30,30,0.5714,0.7733,18.4,0
2026-09-10 16:45,8,1,6,7,70,40,30,11,22,9,24.7,35.9,2,2,25,30,0.5714,0.7367,17.0,0
2026-09-10 17:00,5,0,3,8,70,40,30,12,23,8,22.4,35.9,2,2,25,32,0.5714,0.7583,12.7,0
2026-09-10 17:15,9,1,4,8,70,41,29,12,23,8,21.9,35.4,2,1,27,32,0.5857,0.7583,14.8,0
2026-09-10 17:30,8,0,4,8,70,42,28,12,22,8,21.4,35.5,3,2,30,31,0.6,0.7433,17.3,0
2026-09-10 17:45,8,0,6,6,70,44,26,11,23,9,21.6,36.7,2,0,30,30,0.6286,0.7517,21.6,0
2026-09-10 18:00,10,1,8,8,70,44,26,13,24,9,23.3,36.1,1,1,35,30,0.6286,0.8033,28.9,0
2026-09-10 18:15,7,0,8,7,70,45,25,12,24,9,24.2,36.4,2,1,33,29,0.6429,0.775,29.2,0
2026-09-10 18:30,9,1,10,7,70,46,24,11,25,7,24.4,37.1,3,2,34,28,0.6571,0.7183,34.7,0
2026-09-10 18:45,8,0,11,7,70,47,23,12,21,9,26.5,36.9,1,0,34,29,0.6714,0.705,36.9,0
2026-09-10 19:00,5,0,8,8,70,47,23,12,22,8,27.3,37.2,2,2,29,29,0.6714,0.7183,29.0,0
2026-09-10 19:15,9,1,9,8,70,47,23,12,23,8,28.5,37.6,2,2,31,30,0.6714,0.7283,31.7,0
2026-09-10 19:30,4,0,5,8,70,46,24,11,26,8,26.3,38.3,1,2,26,31,0.6571,0.775,21.6,0
2026-09-10 19:45,22,1,19,8,70,47,23,10,23,8,31.3,38.5,2,1,40,32,0.6714,0.6317,52.0,0
2026-09-10 20:00,6,0,18,7,70,47,23,12,23,9,36.2,38.9,2,2,41,31,0.6714,0.7,53.9,0
2026-09-10 20:15,6,0,16,8,70,47,23,12,23,9,38.0,39.1,2,2,38,31,0.6714,0.71,49.8,1
2026-09-10 20:30,9,1,19,6,70,46,24,13,21,9,41.2,38.4,1,2,43,29,0.6571,0.6933,59.6,1
2026-09-10 20:45,10,1,21,8,70,48,22,12,25,9,43.6,38.8,2,0,31,29,0.6857,0.71,52.3,1
2026-09-10 21:00,10,1,22,9,70,48,22,11,22,9,46.0,39.2,2,2,35,31,0.6857,0.6367,58.2,1
2026-09-10 21:15,9,1,24,7,70,49,21,13,24,8,49.1,39.2,2,1,38,30,0.7,0.6817,65.7,0
2026-09-10 21:30,5,0,21,8,70,51,19,13,24,8,47.8,39.0,3,1,34,32,0.7286,0.6867,58.0,0
2026-09-10 21:45,7,1,22,6,70,51,19,11,23,7,50.3,39.0,2,2,31,30,0.7286,0.6033,59.8,0
2026-09-10 22:00,7,1,21,8,70,52,18,11,22,9,51.9,40.0,2,1,28,29,0.7429,0.6217,57.8,0
2026-09-10 22:15,6,0,19,8,70,54,16,11,24,10,50.6,39.3,2,0,25,30,0.7714,0.6683,54.7,0
2026-09-10 22:30,7,1,18,8,70,55,15,12,24,8,50.7,40.4,2,1,27,30,0.7857,0.6583,55.3,0
2026-09-10 22:45,5,0,15,8,70,56,14,12,21,9,49.4,40.2,2,1,25,32,0.8,0.64,52.4,0
2026-09-10 23:00,3,0,12,6,70,56,14,8,17,6,50.1,41.2,2,2,21,30,0.8,0.4517,51.5,0
2026-09-10 23:15,1,0,9,4,70,55,15,8,18,6,49.0,41.0,1,2,16,26,0.7857,0.4867,45.9,0
2026-09-10 23:30,1,0,7,3,70,55,15,8,16,6,48.4,41.2,1,1,10,21,0.7857,0.4667,44.0,0
2026-09-10 23:45,5,0,6,6,70,55,15,8,16,5,46.4,41.0,1,1,10,19,0.7857,0.455,42.2,0
2026-09-11 00:00,3,0,5,4,70,54,16,7,16,6,45.3,41.4,0,1,10,17,0.7714,0.4583,39.9,0
2026-09-11 00:15,2,0,2,5,70,53,17,8,16,6,41.4,42.3,1,2,11,18,0.7571,0.5017,34.6,0
2026-09-11 00:30,2,0,0,4,70,53,17,9,17,5,36.6,42.3,0,0,12,19,0.7571,0.5333,31.9,0
2026-09-11 00:45,2,0,0,2,70,53,17,8,18,7,32.2,42.0,0,0,9,15,0.7571,0.5583,29.4,0
2026-09-11 01:00,3,0,0,3,70,53,17,7,17,6,29.4,41.6,1,1,9,14,0.7571,0.5033,28.8,0
2026-09-11 01:15,2,0,0,2,70,52,18,7,17,5,27.3,41.0,0,1,9,11,0.7429,0.4917,27.2,0
2026-09-11 01:30,0,0,0,0,70,51,19,9,16,6,26.4,41.4,0,1,7,7,0.7286,0.545,26.7,0
2026-09-11 01:45,3,0,0,3,70,51,19,8,16,6,25.0,41.1,1,1,8,8,0.7286,0.5217,26.3,0
2026-09-11 02:00,2,0,0,2,70,50,20,8,16,5,22.5,41.0,1,2,7,7,0.7143,0.51,24.5,0
2026-09-11 02:15,0,0,0,0,70,48,22,8,16,5,22.9,40.4,0,2,5,5,0.6857,0.51,23.0,0
2026-09-11 02:30,1,0,0,1,70,48,22,8,16,7,21.8,40.7,1,1,6,6,0.6857,0.5433,22.0,0
2026-09-11 02:45,2,0,0,2,70,48,22,6,17,7,21.2,41.6,1,1,5,5,0.6857,0.5117,22.1,0
2026-09-11 03:00,2,0,0,2,70,47,23,8,18,6,20.3,40.9,0,1,5,5,0.6714,0.5567,20.2,0
2026-09-11 03:15,3,0,0,3,70,46,24,7,17,6,20.5,40.5,0,1,8,8,0.6571,0.5183,20.0,0
2026-09-11 03:30,1,0,0,1,70,44,26,8,17,6,19.6,39.7,0,2,8,8,0.6286,0.5417,17.6,0
2026-09-11 03:45,2,0,0,2,70,44,26,8,16,6,19.6,39.0,0,0,8,8,0.6286,0.5267,17.8,0
2026-09-11 04:00,0,0,0,0,70,44,26,8,15,5,19.8,39.3,0,0,6,6,0.6286,0.495,18.3,0
2026-09-11 04:15,2,0,0,2,70,44,26,9,17,7,18.7,39.3,1,1,5,5,0.6286,0.5817,16.5,0
2026-09-11 04:30,0,0,0,0,70,43,27,7,16,5,18.6,39.2,0,1,4,4,0.6143,0.4867,17.0,0
2026-09-11 04:45,4,1,0,4,70,43,27,8,18,6,19.7,39.4,1,1,6,6,0.6143,0.5567,16.5,0
2026-09-11 05:00,1,0,0,1,70,42,28,8,17,5,20.3,39.1,0,1,7,7,0.6,0.525,16.4,0
2026-09-11 05:15,3,0,0,3,70,42,28,8,16,5,20.4,38.9,0,0,8,8,0.6,0.51,16.7,0
2026-09-11 05:30,2,0,0,2,70,41,29,6,18,5,21.0,38.9,0,1,10,10,0.5857,0.4933,16.4,0
2026-09-11 05:45,4,1,0,4,70,42,28,8,16,6,20.2,38.4,1,0,10,10,0.6,0.5267,16.4,0
2026-09-11 06:00,4,1,0,4,70,42,28,8,16,6,20.4,37.7,1,1,13,13,0.6,0.5267,16.5,0
2026-09-11 06:15,0,0,0,0,70,41,29,8,17,6,19.9,37.7,0,1,10,10,0.5857,0.5417,15.2,0
2026-09-11 06:30,0,0,0,0,70,41,29,9,16,6,20.0,37.7,0,0,8,8,0.5857,0.55,15.1,0
2026-09-11 06:45,3,0,0,3,70,41,29,7,16,5,19.4,37.3,1,1,7,7,0.5857,0.4867,15.7,0
2026-09-11 07:00,2,0,0,2,70,41,29,14,27,10,18.4,36.5,1,1,5,5,0.5857,0.8983,9.3,0
2026-09-11 07:15,2,0,0,2,70,40,30,14,24,9,17.6,36.6,0,1,7,7,0.5714,0.8367,8.9,0
2026-09-11 07:30,9,1,0,9,70,39,31,15,27,10,16.5,36.6,1,2,16,16,0.5571,0.9217,6.4,0
2026-09-11 07:45,0,0,0,0,70,39,31,15,28,11,15.7,36.0,0,0,13,13,0.5571,0.9533,6.1,0
2026-09-11 08:00,9,1,1,8,70,40,30,14,27,10,17.0,36.0,2,1,20,19,0.5714,0.8983,9.1,0
2026-09-11 08:15,7,1,0,8,70,40,30,13,28,10,15.8,36.4,1,1,25,25,0.5714,0.89,9.3,0
2026-09-11 08:30,10,1,2,8,70,40,30,14,27,11,15.9,35.9,1,1,26,24,0.5714,0.915,10.8,0
2026-09-11 08:45,5,1,0,7,70,39,31,14,27,11,15.7,36.1,1,2,31,31,0.5571,0.915,9.7,0
2026-09-11 09:00,8,1,0,8,70,39,31,15,27,11,15.0,35.6,2,2,30,31,0.5571,0.9383,8.6,0
2026-09-11 09:15,8,1,0,8,70,39,31,14,25,10,14.1,35.0,2,2,31,31,0.5571,0.8683,10.4,0
2026-09-11 09:30,6,1,0,6,70,38,32,15,28,10,14.2,35.1,0,1,27,29,0.5429,0.9367,6.2,0
2026-09-11 09:45,9,1,0,9,70,40,30,14,26,11,12.6,34.9,2,0,31,31,0.5714,0.9,10.8,0
2026-09-11 10:00,9,1,1,8,70,40,30,14,27,11,13.6,34.2,2,2,32,31,0.5714,0.915,11.6,0
2026-09-11 10:15,7,1,0,8,70,39,31,15,25,11,14.7,34.6,2,3,31,31,0.5571,0.9083,9.8,0
2026-09-11 10:30,8,1,0,8,70,37,33,14,26,11,15.1,34.0,0,2,33,33,0.5286,0.9,8.8,0
2026-09-11 10:45,4,0,0,4,70,36,34,14,26,10,15.2,33.7,1,2,28,28,0.5143,0.8833,6.8,0
2026-09-11 11:00,7,1,0,7,70,35,35,13,27,10,14.6,33.7,2,3,26,27,0.5,0.875,4.8,0
2026-09-11 11:15,13,1,2,11,70,35,35,13,27,10,14.2,34.0,2,2,32,30,0.5,0.875,8.8,0
2026-09-11 11:30,6,1,0,8,70,34,36,13,28,11,14.2,34.3,1,2,30,30,0.4857,0.9067,5.4,0
2026-09-11 11:45,9,1,0,9,70,34,36,13,26,11,14.4,34.4,1,1,35,35,0.4857,0.8767,7.2,0
2026-09-11 12:00,9,1,0,9,70,34,36,14,25,12,14.4,33.9,2,2,37,37,0.4857,0.9017,7.3,0
2026-09-11 12:15,4,0,0,4,70,32,38,14,27,11,13.5,34.5,1,3,28,30,0.4571,0.915,2.8,0
2026-09-11 12:30,3,0,0,3,70,31,39,12,27,11,12.1,35.0,1,2,25,25,0.4429,0.8683,4.2,0
2026-09-11 12:45,4,0,0,4,70,30,40,14,28,11,13.4,34.9,1,2,20,20,0.4286,0.93,2.1,0
2026-09-11 13:00,8,1,0,8,70,28,42,13,25,10,13.9,34.0,1,3,19,19,0.4,0.845,2.9,0
2026-09-11 13:15,10,1,2,8,70,28,42,14,26,8,15.7,33.2,2,2,25,23,0.4,0.85,6.0,0
2026-09-11 13:30,10,1,0,12,70,27,43,15,28,9,13.9,33.6,2,3,32,32,0.3857,0.92,5.4,0
2026-09-11 13:45,9,1,0,9,70,28,42,15,28,10,13.1,33.9,3,2,37,37,0.4,0.9367,6.7,0
2026-09-11 14:00,6,0,0,6,70,29,41,14,27,10,12.5,33.1,2,1,35,35,0.4143,0.8983,6.5,0
2026-09-11 14:15,7,1,0,7,70,29,41,14,28,10,11.5,32.7,2,2,32,34,0.4143,0.9133,3.9,0
2026-09-11 14:30,9,1,0,9,70,29,41,14,26,10,11.8,33.4,2,2,31,31,0.4143,0.8833,5.6,0
2026-09-11 14:45,11,1,0,11,70,29,41,14,30,11,11.4,33.1,3,3,33,33,0.4143,0.96,5.6,0
2026-09-11 15:00,9,1,0,9,70,29,41,13,22,8,11.6,32.8,2,2,36,36,0.4143,0.7667,8.7,0
2026-09-11 15:15,2,0,0,2,70,28,42,12,23,9,12.6,33.0,1,2,31,31,0.4,0.775,7.2,0
2026-09-11 15:30,8,1,1,7,70,27,43,12,24,8,13.9,33.5,2,3,30,29,0.3857,0.7733,7.7,0
2026-09-11 15:45,7,1,0,8,70,28,42,13,23,8,14.5,33.9,2,1,26,26,0.4,0.7817,5.7,0
2026-09-11 16:00,9,1,0,9,70,27,43,13,22,9,13.8,33.4,1,2,26,26,0.3857,0.7833,5.7,0
2026-09-11 16:15,9,1,0,9,70,29,41,13,23,9,14.3,33.3,2,0,33,33,0.4143,0.7983,7.4,0
2026-09-11 16:30,7,0,0,7,70,29,41,11,24,8,14.0,34.1,2,2,32,33,0.4143,0.75,7.1,0
2026-09-11 16:45,13,1,4,9,70,27,43,12,23,8,15.3,33.9,1,3,38,34,0.3857,0.7583,13.4,0
2026-09-11 17:00,13,1,9,8,70,29,41,12,24,8,18.2,34.1,2,0,42,33,0.4143,0.7733,23.5,0
2026-09-11 17:15,13,1,12,10,70,30,40,12,26,8,21.2,34.2,2,1,46,34,0.4286,0.8033,29.7,0
2026-09-11 17:30,14,1,17,9,70,33,37,13,22,10,24.8,35.3,3,0,53,36,0.4714,0.8,39.4,0
2026-09-11 17:45,14,1,22,9,70,34,36,12,24,8,28.9,35.0,2,1,54,36,0.4857,0.7433,47.3,0
2026-09-11 18:00,11,1,25,8,70,35,35,11,21,8,36.2,35.4,2,1,52,36,0.5,0.655,55.8,0
2026-09-11 18:15,8,0,24,9,70,36,34,12,24,9,39.3,35.8,2,1,47,35,0.5143,0.74,52.8,0
2026-09-11 18:30,10,1,26,8,70,37,33,11,23,9,43.7,36.3,2,1,43,34,0.5286,0.6867,56.1,1
2026-09-11 18:45,13,1,30,9,70,38,32,12,22,8,47.6,37.0,3,2,42,34,0.5429,0.6533,60.5,1
2026-09-11 19:00,8,0,28,10,70,39,31,13,23,9,48.1,36.4,2,1,39,36,0.5571,0.7133,56.5,1
2026-09-11 19:15,12,1,31,9,70,39,31,13,24,8,50.7,36.6,2,2,43,36,0.5571,0.6967,61.4,1
2026-09-11 19:30,11,1,34,8,70,40,30,11,23,9,53.6,37.0,2,1,44,36,0.5714,0.6317,65.4,1
2026-09-11 19:45,12,1,37,9,70,41,29,12,22,8,58.1,37.5,2,1,43,36,0.5857,0.6033,68.0,1
2026-09-11 20:00,19,1,48,8,70,42,28,12,22,9,65.2,37.4,2,1,54,34,0.6,0.56,78.3,1
2026-09-11 20:15,8,2,46,10,70,42,28,12,22,9,71.1,37.5,2,2,50,35,0.6,0.57,77.4,1
2026-09-11 20:30,5,2,43,8,70,43,27,11,22,7,75.3,37.6,2,1,44,35,0.6143,0.5233,74.3,1
2026-09-11 20:45,15,4,49,9,70,45,25,12,20,7,80.9,37.6,3,1,47,35,0.6429,0.4767,79.0,1
2026-09-11 21:00,24,6,66,7,70,47,23,9,19,7,94.5,38.5,3,1,52,34,0.6714,0.2967,85.3,1
2026-09-11 21:15,18,6,77,7,70,49,21,10,20,7,110.7,39.5,3,1,62,31,0.7,0.27,87.0,1
2026-09-11 21:30,24,8,93,8,70,51,19,11,19,7,120.0,39.3,3,1,81,31,0.7286,0.25,88.7,1
2026-09-11 21:45,19,6,107,5,70,52,18,10,17,7,120.0,40.1,2,1,85,27,0.7429,0.25,89.5,1
2026-09-11 22:00,15,5,114,8,70,54,16,11,19,6,120.0,40.3,3,1,76,28,0.7714,0.25,91.2,1
2026-09-11 22:15,9,3,118,5,70,54,16,10,21,7,120.0,42.1,2,2,67,26,0.7714,0.25,91.2,1
2026-09-11 22:30,7,2,118,7,70,55,15,10,21,7,120.0,41.9,2,1,50,25,0.7857,0.25,92.1,1
2026-09-11 22:45,7,2,117,8,70,56,14,12,22,9,120.0,41.3,3,2,38,28,0.8,0.25,87.7,1
2026-09-11 23:00,6,1,118,5,70,55,15,8,16,7,120.0,41.6,1,2,29,25,0.7857,0.25,79.7,1
2026-09-11 23:15,1,0,113,6,70,54,16,8,16,6,120.0,42.5,2,3,21,26,0.7714,0.25,72.0,1
2026-09-11 23:30,6,1,113,6,70,52,18,8,16,6,120.0,41.7,1,3,20,25,0.7429,0.25,70.1,1
2026-09-11 23:45,3,0,111,5,70,52,18,7,16,5,120.0,42.2,1,1,16,22,0.7429,0.25,69.5,1
2026-09-12 00:00,5,0,110,6,70,52,18,8,15,6,120.0,42.7,2,2,15,23,0.7429,0.25,69.5,1
2026-09-12 00:15,3,0,108,5,70,52,18,8,15,6,120.0,43.1,2,2,17,22,0.7429,0.25,69.5,1
2026-09-12 00:30,6,1,107,7,70,51,19,8,15,7,120.0,42.7,1,2,17,23,0.7286,0.25,68.7,1
2026-09-12 00:45,1,0,102,6,70,51,19,8,17,6,120.0,42.2,1,1,15,24,0.7286,0.25,68.7,1
2026-09-12 01:00,0,0,97,5,70,51,19,8,15,6,120.0,42.9,1,1,10,23,0.7286,0.25,68.7,1
2026-09-12 01:15,2,0,93,6,70,52,18,8,18,6,120.0,43.1,2,1,9,24,0.7429,0.25,69.5,1
2026-09-12 01:30,0,0,86,7,70,52,18,8,17,5,120.0,43.0,2,2,3,24,0.7429,0.25,69.5,1
2026-09-12 01:45,0,0,80,6,70,53,17,9,17,6,120.0,43.0,2,1,2,24,0.7571,0.25,70.4,1
2026-09-12 02:00,2,0,75,7,70,54,16,9,18,7,120.0,43.2,2,1,4,26,0.7714,0.25,71.2,1
2026-09-12 02:15,2,0,71,6,70,53,17,8,15,6,120.0,43.3,0,1,4,26,0.7571,0.25,70.4,1
2026-09-12 02:30,3,0,67,7,70,55,15,8,17,6,120.0,42.4,2,0,7,26,0.7857,0.25,72.1,1
2026-09-12 02:45,1,0,62,6,70,56,14,9,16,5,120.0,42.4,2,1,8,26,0.8,0.25,72.9,1
2026-09-12 03:00,2,0,59,5,70,56,14,7,15,7,120.0,43.5,1,1,8,24,0.8,0.25,72.9,1
2026-09-12 03:15,5,1,58,6,70,56,14,8,17,6,120.0,42.7,1,1,11,24,0.8,0.25,72.9,1
2026-09-12 03:30,4,1,54,8,70,57,13,9,17,8,120.0,42.8,2,1,12,25,0.8143,0.2933,73.8,1
2026-09-12 03:45,2,0,50,6,70,57,13,7,17,6,120.0,43.3,1,1,13,25,0.8143,0.25,73.8,1
2026-09-12 04:00,2,0,45,7,70,57,13,8,15,6,120.0,43.6,2,2,13,27,0.8143,0.2517,73.8,1
2026-09-12 04:15,3,0,44,4,70,55,15,8,15,5,120.0,43.0,0,2,11,25,0.7857,0.25,72.1,1
2026-09-12 04:30,2,0,42,4,70,53,17,9,16,6,120.0,42.9,0,2,9,21,0.7571,0.325,70.4,1
2026-09-12 04:45,1,0,37,6,70,52,18,8,18,7,120.0,42.8,1,2,8,21,0.7429,0.3783,69.4,1
2026-09-12 05:00,2,0,33,6,70,53,17,7,17,6,120.0,42.0,1,0,8,20,0.7571,0.3383,70.4,1
2026-09-12 05:15,3,0,30,6,70,53,17,8,16,5,120.0,42.1,1,1,8,22,0.7571,0.345,70.4,1
2026-09-12 05:30,5,1,31,4,70,53,17,8,16,7,118.9,41.5,1,1,11,22,0.7571,0.3733,70.3,1
2026-09-12 05:45,3,0,29,5,70,53,17,7,15,5,114.7,41.4,1,1,13,21,0.7571,0.3117,70.4,1
2026-09-12 06:00,1,0,25,5,70,52,18,8,17,7,107.2,41.1,1,2,12,20,0.7429,0.4233,65.9,0
2026-09-12 06:15,4,1,23,6,70,53,17,9,16,6,103.0,41.3,1,0,13,20,0.7571,0.42,64.8,0
2026-09-12 06:30,4,1,20,7,70,53,17,6,18,6,96.8,41.4,2,2,12,23,0.7571,0.395,62.3,0
2026-09-12 06:45,2,0,18,4,70,53,17,8,16,6,91.7,41.0,1,1,11,22,0.7571,0.4217,60.0,0
2026-09-12 07:00,7,1,17,8,70,55,15,13,29,10,82.4,41.4,2,0,17,25,0.7857,0.795,55.3,0
2026-09-12 07:15,4,1,12,9,70,57,13,14,27,11,72.3,41.2,3,1,17,28,0.8143,0.82,51.8,0
2026-09-12 07:30,4,1,9,7,70,57,13,13,27,11,63.5,41.1,2,2,17,28,0.8143,0.8117,49.1,0
2026-09-12 07:45,2,0,5,6,70,57,13,14,27,10,53.1,40.8,1,1,17,30,0.8143,0.8383,40.6,0
2026-09-12 08:00,6,1,5,6,70,57,13,14,26,10,46.5,40.9,2,2,16,28,0.8143,0.8233,37.7,0
2026-09-12 08:15,2,0,0,7,70,57,13,14,28,10,38.6,39.5,2,2,14,26,0.8143,0.8783,31.2,0
2026-09-12 08:30,5,1,0,5,70,56,14,14,26,10,31.5,38.8,1,2,15,24,0.8,0.8533,27.3,0
2026-09-12 08:45,6,1,0,6,70,56,14,15,29,11,27.7,39.2,1,1,19,24,0.8,0.9383,24.8,0
2026-09-12 09:00,6,1,0,6,70,54,16,13,27,10,24.1,39.3,0,2,19,24,0.7714,0.855,22.3,0
2026-09-12 09:15,3,0,0,3,70,53,17,15,28,12,21.3,39.1,2,3,20,20,0.7571,0.955,21.0,0
2026-09-12 09:30,7,1,0,7,70,53,17,13,28,12,19.4,39.4,1,1,22,22,0.7571,0.9083,20.8,0
2026-09-12 09:45,9,1,2,7,70,54,16,14,26,11,19.7,39.8,2,1,25,23,0.7714,0.87,24.7,0
2026-09-12 10:00,8,1,4,6,70,53,17,13,25,9,20.5,40.8,1,2,27,23,0.7571,0.7933,28.5,0
2026-09-12 10:15,6,1,3,7,70,52,18,13,27,12,19.9,40.3,2,3,30,27,0.7429,0.8833,25.1,0
2026-09-12 10:30,6,1,0,9,70,52,18,14,26,10,17.8,40.5,2,2,29,29,0.7429,0.8733,21.6,0
2026-09-12 10:45,8,1,0,8,70,52,18,13,27,10,16.8,39.7,2,2,28,30,0.7429,0.865,19.4,0
2026-09-12 11:00,5,1,0,5,70,52,18,14,27,10,17.4,38.9,2,2,25,29,0.7429,0.8883,18.6,0
2026-09-12 11:15,7,1,0,7,70,52,18,15,26,10,15.7,38.9,2,2,26,29,0.7429,0.8967,18.1,0
2026-09-12 11:30,6,1,0,6,70,51,19,15,26,10,14.2,39.1,1,2,26,26,0.7286,0.9017,18.7,0
2026-09-12 11:45,6,1,0,6,70,49,21,12,26,12,14.6,38.6,0,2,24,24,0.7,0.87,16.9,0
2026-09-12 12:00,7,1,0,7,70,48,22,13,30,12,12.4,38.5,1,2,26,26,0.6857,0.9533,15.9,0
2026-09-12 12:15,8,1,0,8,70,49,21,14,29,10,12.1,38.9,3,2,27,27,0.7,0.9283,17.0,0
2026-09-12 12:30,5,0,0,5,70,49,21,14,27,10,12.3,38.5,2,2,26,26,0.7,0.8983,17.1,0
2026-09-12 12:45,3,0,0,3,70,47,23,14,28,12,12.0,38.6,0,2,23,23,0.6714,0.9467,14.2,0
2026-09-12 13:00,6,1,0,6,70,46,24,14,28,10,12.6,38.5,1,2,22,22,0.6571,0.9133,13.2,0
2026-09-12 13:15,9,1,0,9,70,46,24,14,30,9,12.9,38.4,2,2,23,23,0.6571,0.9267,13.4,0
2026-09-12 13:30,6,1,0,6,70,45,25,14,27,9,13.1,39.0,1,2,24,24,0.6429,0.8817,13.4,0
2026-09-12 13:45,10,1,3,7,70,45,25,14,25,10,14.6,38.4,2,2,31,28,0.6429,0.8683,17.8,0
2026-09-12 14:00,11,1,4,10,70,46,24,15,29,11,16.1,37.9,3,2,36,32,0.6571,0.9683,21.0,0
2026-09-12 14:15,14,1,9,9,70,46,24,15,27,10,19.9,38.2,2,2,41,32,0.6571,0.8967,33.0,0
2026-09-12 14:30,5,0,4,10,70,47,23,14,29,10,19.2,38.2,3,2,40,36,0.6714,0.9233,24.5,0
2026-09-12 14:45,15,1,12,7,70,46,24,15,27,9,21.7,37.9,2,3,45,36,0.6571,0.865,37.2,0
2026-09-12 15:00,9,1,14,7,70,47,23,11,24,10,24.9,38.0,2,1,43,33,0.6714,0.7283,44.2,0
2026-09-12 15:15,6,0,14,6,70,46,24,11,23,8,28.3,38.0,1,2,35,30,0.6571,0.685,40.4,1
2026-09-12 15:30,13,1,19,8,70,47,23,13,23,9,33.9,37.9,3,2,43,28,0.6714,0.7183,57.4,1
2026-09-12 15:45,9,1,20,8,70,48,22,11,22,8,39.5,37.8,2,1,37,29,0.6857,0.63,56.9,1
2026-09-12 16:00,9,1,20,9,70,49,21,13,24,9,40.7,38.6,2,1,37,31,0.7,0.7183,55.5,1
2026-09-12 16:15,12,1,25,7,70,50,20,12,23,10,45.1,39.6,2,1,43,32,0.7143,0.6667,68.7,0
2026-09-12 16:30,5,0,21,9,70,50,20,12,24,10,45.6,39.6,3,3,35,33,0.7143,0.7017,56.2,0
2026-09-12 16:45,7,0,19,9,70,50,20,13,23,9,45.7,38.7,2,2,33,34,0.7143,0.7033,51.4,1
2026-09-12 17:00,5,0,17,7,70,51,19,12,23,8,46.1,38.8,2,1,29,32,0.7286,0.6683,49.2,1
2026-09-12 17:15,9,1,20,6,70,53,17,13,22,8,48.0,39.5,2,0,26,31,0.7571,0.6517,54.1,1
2026-09-12 17:30,9,1,22,7,70,53,17,11,23,8,51.7,39.6,1,1,30,29,0.7571,0.61,61.8,1
2026-09-12 17:45,11,1,24,9,70,54,16,12,23,9,55.3,40.1,2,1,34,29,0.7714,0.635,70.1,1
2026-09-12 18:00,10,1,28,6,70,55,15,11,22,9,60.0,41.4,2,1,39,28,0.7857,0.5717,84.0,1
2026-09-12 18:15,11,1,31,8,70,55,15,12,24,9,63.5,41.0,2,2,41,30,0.7857,0.61,84.7,1
2026-09-12 18:30,14,1,37,8,70,54,16,12,23,9,68.4,41.3,2,3,46,31,0.7714,0.57,87.5,1
2026-09-12 18:45,7,0,35,9,70,53,17,11,23,7,71.7,42.4,2,3,42,31,0.7571,0.5283,84.2,1
2026-09-12 19:00,10,1,36,9,70,55,15,12,23,9,74.7,42.0,3,1,42,34,0.7857,0.57,82.9,1
2026-09-12 19:15,7,0,35,8,70,55,15,11,23,8,76.2,41.3,2,2,38,34,0.7857,0.535,79.8,1
2026-09-12 19:30,10,1,38,7,70,55,15,12,19,9,80.0,42.3,2,2,34,33,0.7857,0.5,76.9,1
2026-09-12 19:45,16,1,45,9,70,54,16,12,21,7,84.1,42.9,2,3,43,33,0.7714,0.4667,85.1,1
2026-09-12 20:00,11,1,45,11,70,55,15,13,24,10,86.3,42.5,3,2,44,35,0.7857,0.58,83.6,1
2026-09-12 20:15,8,1,45,8,70,55,15,12,23,8,88.8,42.7,2,2,45,35,0.7857,0.5083,85.4,1
2026-09-12 20:30,11,1,47,9,70,55,15,12,24,7,89.3,42.6,3,3,46,37,0.7857,0.4967,84.8,1
2026-09-12 20:45,10,1,49,8,70,55,15,11,23,9,92.5,41.9,2,2,40,36,0.7857,0.4817,81.1,1
2026-09-12 21:00,8,1,48,9,70,56,14,12,24,9,94.0,41.9,2,1,37,34,0.8,0.52,79.8,1
2026-09-12 21:15,12,1,52,8,70,57,13,11,24,9,97.7,40.5,3,2,41,34,0.8143,0.4717,85.3,1
2026-09-12 21:30,15,1,59,8,70,58,12,12,23,8,104.3,40.5,2,1,45,33,0.8286,0.4233,90.7,1
2026-09-12 21:45,14,1,65,8,70,58,12,12,24,9,112.9,40.9,2,2,49,33,0.8286,0.425,93.8,1
2026-09-12 22:00,4,0,61,8,70,58,12,12,23,8,116.7,41.0,2,2,45,32,0.8286,0.4133,91.6,1
2026-09-12 22:15,7,1,58,10,70,60,10,13,23,9,118.5,41.1,3,1,40,34,0.8571,0.4583,87.2,1
2026-09-12 22:30,7,1,57,8,70,60,10,13,22,8,119.8,40.6,2,2,32,34,0.8571,0.4317,79.2,1
2026-09-12 22:45,5,0,55,7,70,61,9,12,23,9,120.0,40.8,2,1,23,33,0.8714,0.445,77.4,1
2026-09-12 23:00,4,0,54,5,70,61,9,7,16,6,120.0,41.3,1,1,23,30,0.8714,0.25,78.5,1
2026-09-12 23:15,7,1,57,4,70,60,10,8,18,7,120.0,42.5,1,2,23,24,0.8571,0.25,78.4,1
2026-09-12 23:30,7,1,59,5,70,60,10,8,17,5,120.0,43.0,2,2,23,21,0.8571,0.25,80.8,1
2026-09-12 23:45,3,0,57,5,70,59,11,8,18,5,120.0,42.8,1,2,21,19,0.8429,0.25,79.4,1
2026-09-13 00:00,0,0,52,5,70,59,11,8,16,6,120.0,43.8,2,2,17,19,0.8429,0.25,75.4,1
2026-09-13 00:15,2,0,48,6,70,58,12,9,17,6,120.0,43.7,1,2,12,21,0.8286,0.285,74.6,1
2026-09-13 00:30,4,0,46,6,70,58,12,9,17,6,120.0,43.4,1,1,9,22,0.8286,0.295,74.6,1
2026-09-13 00:45,0,0,42,4,70,58,12,8,15,6,120.0,43.1,1,1,6,21,0.8286,0.2617,74.6,1
2026-09-13 01:00,0,0,38,4,70,58,12,8,16,7,120.0,43.7,1,1,6,20,0.8286,0.3133,74.6,1
2026-09-13 01:15,1,0,34,5,70,59,11,8,17,7,120.0,43.6,1,0,5,19,0.8429,0.3433,75.4,1
2026-09-13 01:30,0,0,27,7,70,58,12,9,15,7,120.0,43.5,0,1,1,20,0.8286,0.3767,73.5,1
2026-09-13 01:45,2,0,24,5,70,59,11,8,16,7,120.0,44.4,2,1,3,21,0.8429,0.3783,71.5,1
2026-09-13 02:00,1,0,20,5,70,58,12,9,16,6,115.5,43.5,1,2,4,22,0.8286,0.41,66.3,1
2026-09-13 02:15,3,0,19,4,70,58,12,8,18,6,106.9,43.4,1,1,6,21,0.8286,0.4217,65.2,0
2026-09-13 02:30,4,0,18,5,70,57,13,8,16,6,100.9,43.3,1,2,10,19,0.8143,0.4017,63.7,0
2026-09-13 02:45,4,0,17,5,70,56,14,7,17,6,94.2,43.0,1,2,12,19,0.8,0.4033,61.9,0
2026-09-13 03:00,3,0,16,4,70,56,14,7,19,5,90.0,43.0,2,2,14,18,0.8,0.4217,60.6,0
2026-09-13 03:15,1,0,11,6,70,56,14,8,16,7,81.6,42.8,1,1,12,20,0.8,0.4583,55.3,0
2026-09-13 03:30,2,0,9,4,70,56,14,8,17,6,75.5,42.4,1,1,10,19,0.8,0.4667,53.3,0
2026-09-13 03:45,2,0,7,4,70,55,15,7,17,6,68.9,42.4,0,1,8,18,0.7857,0.4583,50.6,0
2026-09-13 04:00,0,0,3,4,70,55,15,9,15,6,59.2,41.6,1,1,5,18,0.7857,0.495,44.9,0
2026-09-13 04:15,0,0,0,3,70,53,17,9,16,6,49.7,40.8,0,2,4,15,0.7571,0.535,38.1,0
2026-09-13 04:30,1,0,0,1,70,52,18,7,17,6,42.1,40.9,0,1,3,12,0.7429,0.5083,34.0,0
2026-09-13 04:45,0,0,0,0,70,52,18,9,17,6,34.9,40.5,0,0,1,8,0.7429,0.555,29.9,0
2026-09-13 05:00,0,0,0,0,70,51,19,6,15,6,32.1,40.4,0,1,1,4,0.7286,0.46,29.1,0
2026-09-13 05:15,0,0,0,0,70,50,20,8,17,6,29.2,39.6,0,1,1,1,0.7143,0.5417,27.2,0
2026-09-13 05:30,2,0,0,2,70,48,22,9,15,5,25.6,39.5,0,2,2,2,0.6857,0.5183,24.1,0
2026-09-13 05:45,3,0,0,3,70,48,22,8,16,6,23.6,39.3,0,0,5,5,0.6857,0.5267,23.1,0
2026-09-13 06:00,4,1,0,4,70,46,24,9,17,6,21.3,39.8,0,2,9,9,0.6571,0.565,19.7,0
2026-09-13 06:15,2,0,0,2,70,47,23,7,17,7,22.1,39.8,1,0,11,11,0.6714,0.535,21.4,0
2026-09-13 06:30,1,0,0,1,70,45,25,8,16,5,20.9,39.8,0,2,10,10,0.6429,0.51,19.5,0
2026-09-13 06:45,4,1,0,4,70,45,25,8,17,6,20.8,38.6,0,0,11,11,0.6429,0.5417,19.0,0
2026-09-13 07:00,7,1,0,7,70,46,24,14,27,12,18.9,38.4,2,1,14,14,0.6571,0.9317,13.4,0
2026-09-13 07:15,1,0,0,1,70,47,23,15,26,11,17.3,37.9,1,0,13,13,0.6714,0.9233,13.5,0
2026-09-13 07:30,2,0,0,2,70,46,24,14,27,11,15.5,37.9,0,1,14,14,0.6571,0.915,12.1,0
2026-09-13 07:45,3,0,0,3,70,47,23,13,26,8,14.8,38.7,1,0,13,13,0.6714,0.8267,14.2,0
2026-09-13 08:00,7,1,0,7,70,48,22,13,27,12,14.1,38.0,1,0,13,13,0.6857,0.9083,13.9,0
2026-09-13 08:15,3,0,0,3,70,48,22,14,27,11,13.9,38.2,0,0,15,15,0.6857,0.915,13.8,0
2026-09-13 08:30,13,2,5,8,70,50,20,14,26,11,17.5,37.9,3,1,26,21,0.7143,0.875,24.8,0
2026-09-13 08:45,6,1,1,10,70,51,19,15,28,11,16.9,37.9,2,1,29,28,0.7286,0.9433,20.5,0
2026-09-13 09:00,7,1,0,8,70,50,20,14,28,10,16.8,37.9,2,3,29,29,0.7143,0.9133,18.9,0
2026-09-13 09:15,5,1,0,5,70,51,19,15,28,10,16.2,38.2,2,1,31,31,0.7286,0.9317,19.9,0
2026-09-13 09:30,5,1,0,5,70,50,20,14,28,11,14.8,38.6,1,2,23,28,0.7143,0.93,15.2,0
2026-09-13 09:45,4,1,0,4,70,49,21,15,28,12,14.6,36.9,1,2,21,22,0.7,0.97,14.6,0
2026-09-13 10:00,7,1,0,7,70,48,22,13,24,11,15.4,37.3,2,3,21,21,0.6857,0.8467,15.6,0
2026-09-13 10:15,4,0,0,4,70,48,22,13,28,10,13.6,37.0,1,1,20,20,0.6857,0.89,14.7,0
2026-09-13 10:30,3,0,0,3,70,46,24,14,27,11,13.8,37.1,0,2,18,18,0.6571,0.915,12.1,0
2026-09-13 10:45,6,1,0,6,70,45,25,14,26,9,13.3,36.3,1,2,20,20,0.6429,0.8667,12.5,0
2026-09-13 11:00,6,1,0,6,70,44,26,14,28,10,13.8,36.8,1,2,19,19,0.6286,0.9133,10.7,0
2026-09-13 11:15,5,1,0,5,70,44,26,15,27,11,13.3,37.1,1,1,20,20,0.6286,0.9383,10.9,0
2026-09-13 11:30,9,1,2,7,70,43,27,14,26,11,15.7,36.5,1,2,26,24,0.6143,0.9,13.5,0
2026-09-13 11:45,6,1,0,8,70,44,26,13,25,11,15.3,36.9,2,1,26,26,0.6286,0.8617,13.4,0
2026-09-13 12:00,8,1,0,8,70,41,29,13,26,11,14.1,37.2,0,3,28,28,0.5857,0.8767,11.2,0
2026-09-13 12:15,6,1,0,6,70,40,30,13,27,11,13.5,37.0,1,2,29,29,0.5714,0.8917,10.4,0
2026-09-13 12:30,6,1,0,6,70,37,33,13,28,10,14.5,36.6,1,4,26,28,0.5286,0.89,5.5,0
2026-09-13 12:45,9,1,0,9,70,37,33,14,25,10,13.9,36.2,2,2,29,29,0.5286,0.8683,8.2,0
2026-09-13 13:00,6,1,0,6,70,35,35,14,26,11,14.3,36.8,1,3,27,27,0.5,0.9,5.5,0
2026-09-13 13:15,9,1,0,9,70,36,34,14,27,10,14.7,37.1,2,1,30,30,0.5143,0.8983,7.2,0
2026-09-13 13:30,5,0,0,5,70,35,35,13,27,11,13.2,38.1,1,2,29,29,0.5,0.8917,6.1,0
2026-09-13 13:45,11,1,1,10,70,35,35,14,27,10,12.9,37.5,3,3,31,30,0.5,0.8983,7.4,0
2026-09-13 14:00,6,0,0,7,70,36,34,14,27,11,10.7,37.1,2,1,31,31,0.5143,0.915,7.2,0
2026-09-13 14:15,4,1,0,4,70,35,35,15,27,10,11.7,35.9,2,3,26,26,0.5,0.9217,4.9,0
2026-09-13 14:30,9,2,1,8,70,35,35,14,29,11,11.9,35.4,2,2,30,29,0.5,0.945,6.8,0
2026-09-13 14:45,17,4,9,9,70,35,35,14,27,10,14.6,35.2,2,2,36,28,0.5,0.8983,19.9,0
2026-09-13 15:00,12,4,12,9,70,35,35,13,22,9,19.6,34.0,2,2,42,30,0.5,0.7833,30.4,1
2026-09-13 15:15,12,4,14,10,70,34,36,13,23,8,23.4,34.6,2,3,50,36,0.4857,0.7817,34.9,1
2026-09-13 15:30,22,6,28,8,70,35,35,12,24,9,31.3,34.9,3,2,63,36,0.5,0.725,55.3,1
2026-09-13 15:45,17,4,35,10,70,37,33,12,21,8,39.8,35.2,3,1,63,37,0.5286,0.6183,62.6,1
2026-09-13 16:00,9,2,32,12,70,40,30,12,24,9,44.4,35.2,4,1,60,40,0.5714,0.68,66.5,1
2026-09-13 16:15,9,2,31,10,70,39,31,13,25,8,48.8,35.3,2,3,57,40,0.5571,0.7117,67.3,0
2026-09-13 16:30,12,1,33,10,70,40,30,13,22,8,48.9,36.2,3,2,47,42,0.5714,0.6517,60.5,0
2026-09-13 16:45,7,0,31,9,70,38,32,11,24,9,51.6,36.5,2,4,37,41,0.5429,0.6717,53.5,0
2026-09-13 17:00,4,0,27,8,70,38,32,12,24,8,52.5,37.0,2,2,32,37,0.5429,0.6983,51.3,0
2026-09-13 17:15,5,0,21,11,70,39,31,12,21,9,49.8,37.0,2,1,28,38,0.5571,0.695,44.0,0
2026-09-13 17:30,5,0,16,10,70,39,31,11,24,9,46.5,36.6,2,2,21,38,0.5571,0.7417,35.0,0
2026-09-13 17:45,3,0,10,9,70,40,30,13,21,8,42.5,36.2,2,1,17,38,0.5714,0.7517,27.2,0
2026-09-13 18:00,8,0,10,8,70,41,29,12,23,8,38.6,36.3,2,1,21,38,0.5857,0.7533,27.0,0
2026-09-13 18:15,10,1,13,7,70,42,28,12,23,9,38.3,35.3,2,1,26,34,0.6,0.75,32.0,0
2026-09-13 18:30,12,1,19,6,70,43,27,11,22,7,41.7,35.1,2,1,33,30,0.6143,0.6433,47.6,0
2026-09-13 18:45,8,0,18,9,70,43,27,11,24,9,43.2,35.4,2,2,38,30,0.6143,0.7117,51.6,0
2026-09-13 19:00,7,0,16,9,70,43,27,13,23,10,43.6,35.1,2,2,37,31,0.6143,0.77,47.2,0
2026-09-13 19:15,9,1,16,9,70,44,26,13,23,8,43.3,35.0,2,1,36,33,0.6286,0.7317,45.9,0
2026-09-13 19:30,9,1,18,7,70,45,25,10,24,8,42.7,36.1,2,1,33,34,0.6429,0.6617,45.4,0
2026-09-13 19:45,10,1,21,7,70,45,25,11,22,9,43.5,36.2,2,2,35,32,0.6429,0.6567,52.4,1
2026-09-13 20:00,11,1,23,9,70,45,25,11,25,7,46.1,36.2,1,1,39,32,0.6429,0.6583,59.8,1
2026-09-13 20:15,10,1,23,10,70,46,24,13,23,9,47.0,37.6,2,1,40,33,0.6571,0.7033,60.6,1
2026-09-13 20:30,11,1,24,10,70,48,22,13,23,10,47.4,37.8,3,1,42,36,0.6857,0.705,62.7,1
2026-09-13 20:45,12,1,28,8,70,47,23,12,24,8,49.5,37.3,1,2,44,37,0.6714,0.6483,68.3,1
2026-09-13 21:00,11,1,32,7,70,49,21,11,24,9,54.1,37.8,2,0,44,35,0.7,0.6117,74.3,1
2026-09-13 21:15,5,0,29,8,70,48,22,12,24,8,56.5,38.7,1,2,39,33,0.6857,0.6383,71.6,1
2026-09-13 21:30,8,1,31,6,70,49,21,12,23,8,60.8,39.4,1,0,36,29,0.7,0.6083,74.9,1
2026-09-13 21:45,10,1,32,9,70,50,20,12,25,9,63.1,38.9,2,1,34,30,0.7143,0.645,72.9,1
2026-09-13 22:00,8,1,33,7,70,49,21,12,24,9,66.3,39.0,2,3,31,30,0.7,0.63,69.1,1
2026-09-13 22:15,8,1,31,10,70,51,19,13,23,7,67.2,39.6,3,1,34,32,0.7286,0.605,72.7,1
2026-09-13 22:30,8,1,32,7,70,50,20,12,22,8,67.7,39.7,1,2,34,33,0.7143,0.5833,71.4,1
2026-09-13 22:45,4,0,27,9,70,51,19,13,24,8,65.1,39.9,2,1,28,33,0.7286,0.6567,66.3,1
2026-09-13 23:00,3,0,24,6,70,51,19,8,17,5,64.1,40.4,2,2,23,32,0.7286,0.4,65.8,0
2026-09-13 23:15,2,0,21,5,70,51,19,9,17,7,63.5,40.4,1,1,17,27,0.7286,0.4717,60.5,0
2026-09-13 23:30,3,0,19,5,70,53,17,8,17,5,65.1,40.6,2,0,12,25,0.7571,0.415,61.1,0
2026-09-13 23:45,2,0,17,4,70,53,17,7,16,6,67.6,40.6,1,1,10,20,0.7571,0.4033,59.3,0
2026-09-14 00:00,3,0,14,6,70,53,17,7,15,7,67.3,40.1,1,1,10,20,0.7571,0.42,56.2,0
2026-09-14 00:15,0,0,9,5,70,53,17,8,16,6,62.3,40.0,1,1,8,20,0.7571,0.4667,50.7,0
2026-09-14 00:30,4,0,8,5,70,53,17,8,16,6,59.1,40.6,1,1,9,20,0.7571,0.4717,48.3,0
2026-09-14 00:45,2,0,4,6,70,52,18,7,16,6,53.2,40.5,1,2,9,22,0.7429,0.4733,40.8,0
2026-09-14 01:00,1,0,0,5,70,51,19,9,18,6,45.2,40.4,1,2,7,21,0.7286,0.575,33.7,0
2026-09-14 01:15,1,0,0,1,70,50,20,9,18,7,38.9,39.7,0,1,8,17,0.7143,0.5967,29.5,0
2026-09-14 01:30,6,1,1,5,70,49,21,8,16,6,35.7,38.4,0,1,10,17,0.7,0.5267,28.1,0
2026-09-14 01:45,2,0,0,3,70,48,22,8,16,6,32.7,38.5,0,1,10,14,0.6857,0.5267,25.9,0
2026-09-14 02:00,1,0,0,1,70,46,24,9,18,6,28.6,39.1,0,2,10,10,0.6571,0.58,23.0,0
2026-09-14 02:15,1,0,0,1,70,46,24,9,16,6,26.0,39.1,0,0,10,10,0.6571,0.55,22.2,0
2026-09-14 02:30,0,0,0,0,70,46,24,7,17,6,25.1,39.9,0,0,4,5,0.6571,0.5183,21.4,0
2026-09-14 02:45,4,0,0,4,70,46,24,8,16,6,23.8,40.1,1,1,6,6,0.6571,0.5267,21.5,0
2026-09-14 03:00,1,0,0,1,70,45,25,9,16,6,22.9,39.1,0,1,6,6,0.6429,0.55,19.9,0
2026-09-14 03:15,0,0,0,0,70,44,26,7,16,7,22.2,39.0,0,1,5,5,0.6286,0.52,19.1,0
2026-09-14 03:30,1,0,0,1,70,43,27,8,17,6,21.1,39.6,0,1,6,6,0.6143,0.5417,17.4,0
2026-09-14 03:45,4,1,0,4,70,43,27,8,17,6,20.1,39.7,0,0,6,6,0.6143,0.5417,17.0,0
2026-09-14 04:00,5,1,0,5,70,44,26,8,16,6,20.7,39.6,1,0,10,10,0.6286,0.5267,18.3,0
2026-09-14 04:15,4,1,0,4,70,45,25,7,15,6,21.2,39.6,1,0,14,14,0.6429,0.4883,19.9,0
2026-09-14 04:30,1,0,0,1,70,45,25,8,16,5,20.1,40.2,0,0,14,14,0.6429,0.51,19.1,0
2026-09-14 04:45,0,0,0,0,70,45,25,9,17,5,20.5,40.0,0,0,10,10,0.6429,0.5483,18.7,0
2026-09-14 05:00,8,1,3,5,70,45,25,9,17,6,24.7,39.7,1,1,13,10,0.6429,0.565,22.8,0
2026-09-14 05:15,1,0,0,4,70,44,26,8,16,6,22.5,40.3,1,2,10,10,0.6286,0.5267,19.2,0
2026-09-14 05:30,2,0,0,2,70,43,27,8,16,6,21.4,39.6,1,2,11,11,0.6143,0.5267,17.8,0
2026-09-14 05:45,1,0,0,1,70,42,28,8,17,5,20.9,39.5,0,1,12,12,0.6,0.525,16.7,0
2026-09-14 06:00,3,0,0,3,70,43,27,7,16,6,19.4,39.5,1,0,7,10,0.6143,0.5033,15.6,0
2026-09-14 06:15,7,1,2,5,70,43,27,8,18,6,22.3,39.2,1,1,13,11,0.6143,0.5567,19.3,0
2026-09-14 06:30,4,1,1,5,70,43,27,8,18,7,23.1,38.9,1,1,15,14,0.6143,0.5733,18.7,0
2026-09-14 06:45,1,0,0,2,70,43,27,9,16,6,22.5,38.9,1,1,15,15,0.6143,0.55,18.0,0
2026-09-14 07:00,2,0,0,2,70,43,27,12,28,9,20.3,39.0,0,0,14,14,0.6143,0.85,12.6,0
2026-09-14 07:15,5,1,0,5,70,44,26,13,26,10,18.7,39.2,2,1,12,14,0.6286,0.86,10.9,0
2026-09-14 07:30,5,1,0,5,70,44,26,13,27,12,16.8,37.6,1,1,13,14,0.6286,0.9083,10.1,0
2026-09-14 07:45,4,1,0,4,70,44,26,14,27,11,16.6,36.9,1,1,16,16,0.6286,0.915,10.7,0
2026-09-14 08:00,1,0,0,1,70,44,26,15,26,11,15.5,37.9,0,0,15,15,0.6286,0.9233,10.3,0
2026-09-14 08:15,6,1,0,6,70,43,27,14,29,10,13.8,38.0,1,2,16,16,0.6143,0.9283,9.5,0
2026-09-14 08:30,4,1,0,4,70,42,28,14,28,10,13.7,36.9,1,2,15,15,0.6,0.9133,8.7,0
2026-09-14 08:45,9,1,1,8,70,44,26,13,26,10,13.7,36.9,3,1,20,19,0.6286,0.86,12.5,0
2026-09-14 09:00,8,1,0,9,70,44,26,14,27,11,13.9,37.3,2,2,27,27,0.6286,0.915,12.9,0
2026-09-14 09:15,9,1,2,7,70,46,24,13,26,11,15.4,37.8,3,1,30,28,0.6571,0.8767,17.5,0
2026-09-14 09:30,5,1,0,7,70,46,24,13,27,11,15.8,38.0,2,2,31,31,0.6571,0.8917,16.0,0
2026-09-14 09:45,9,1,1,8,70,46,24,13,27,11,15.9,37.9,2,2,31,31,0.6571,0.8917,16.0,0
2026-09-14 10:00,9,1,3,7,70,46,24,14,27,10,15.9,37.0,2,2,32,29,0.6571,0.8983,18.5,0
2026-09-14 10:15,7,1,2,8,70,45,25,13,26,11,15.7,37.4,1,2,30,30,0.6429,0.8767,15.1,0
2026-09-14 10:30,5,1,0,7,70,43,27,12,25,10,14.6,36.8,1,3,30,30,0.6143,0.8217,14.2,0
2026-09-14 10:45,8,1,0,8,70,43,27,15,28,12,14.2,36.0,2,2,29,30,0.6143,0.97,11.7,0
2026-09-14 11:00,10,1,2,8,70,41,29,14,26,11,15.8,37.0,1,3,30,31,0.5857,0.9,10.6,0
2026-09-14 11:15,8,1,0,10,70,41,29,14,28,10,15.1,36.8,2,2,31,33,0.5857,0.9133,9.9,0
2026-09-14 11:30,10,1,1,9,70,42,28,14,27,11,16.5,36.5,2,1,36,35,0.6,0.915,14.6,0
2026-09-14 11:45,4,0,0,5,70,42,28,14,27,12,15.4,35.8,2,2,32,32,0.6,0.9317,12.5,0
2026-09-14 12:00,10,1,0,10,70,43,27,14,28,9,14.2,36.2,3,2,32,34,0.6143,0.8967,12.1,0
2026-09-14 12:15,13,1,5,8,70,43,27,14,27,11,15.0,36.7,2,2,37,32,0.6143,0.915,20.6,0
2026-09-14 12:30,6,1,2,9,70,42,28,13,27,11,14.7,36.4,2,3,33,32,0.6,0.8917,13.9,0
2026-09-14 12:45,4,0,0,6,70,44,26,13,26,11,13.9,36.7,3,1,33,33,0.6286,0.8767,15.1,0
2026-09-14 13:00,5,0,0,5,70,43,27,14,28,10,14.8,35.7,2,3,28,28,0.6143,0.9133,12.3,0
2026-09-14 13:15,12,1,3,9,70,42,28,15,28,10,15.9,35.5,2,3,27,29,0.6,0.9367,9.5,0
2026-09-14 13:30,5,0,0,8,70,43,27,14,28,11,14.9,35.4,2,1,26,28,0.6143,0.93,10.1,0
2026-09-14 13:45,6,1,0,6,70,44,26,14,26,9,14.6,35.4,2,1,28,28,0.6286,0.8667,13.8,0
2026-09-14 14:00,7,1,0,7,70,45,25,14,28,9,14.9,35.8,2,1,30,30,0.6429,0.8967,14.8,0
2026-09-14 14:15,7,1,0,7,70,45,25,14,27,10,13.1,35.2,1,1,25,28,0.6429,0.8983,11.9,0
2026-09-14 14:30,9,1,0,9,70,46,24,15,27,11,12.6,35.2,3,2,29,29,0.6571,0.9383,15.0,0
2026-09-14 14:45,13,1,6,7,70,46,24,13,28,10,15.8,35.0,2,2,36,30,0.6571,0.88,25.1,0
2026-09-14 15:00,11,1,10,7,70,45,25,14,24,9,18.7,34.9,1,2,40,30,0.6429,0.8117,34.5,0
2026-09-14 15:15,7,1,10,7,70,45,25,11,22,10,22.2,35.6,2,2,40,30,0.6429,0.7283,37.4,0
2026-09-14 15:30,5,0,8,7,70,45,25,12,22,9,23.6,36.1,2,2,36,28,0.6429,0.745,33.3,0
2026-09-14 15:45,12,1,12,8,70,46,24,12,24,10,26.5,35.7,3,2,35,29,0.6571,0.7667,37.2,0
2026-09-14 16:00,11,1,15,8,70,47,23,11,23,8,30.4,36.0,2,1,35,30,0.6714,0.675,43.4,0
2026-09-14 16:15,8,1,16,7,70,47,23,12,26,9,34.1,36.8,2,2,36,30,0.6714,0.755,46.0,0
2026-09-14 16:30,6,0,13,9,70,47,23,13,24,9,34.3,37.3,2,2,37,32,0.6714,0.7633,42.6,0
2026-09-14 16:45,8,1,16,5,70,46,24,11,23,8,37.5,38.0,2,3,33,29,0.6571,0.675,45.5,0
2026-09-14 17:00,7,0,16,7,70,47,23,12,23,8,39.0,39.4,1,0,29,28,0.6714,0.6933,43.4,0
2026-09-14 17:15,7,0,16,7,70,47,23,12,23,8,41.4,39.2,1,1,28,28,0.6714,0.6933,43.5,0
2026-09-14 17:30,9,1,17,8,70,48,22,12,25,9,42.3,39.3,2,1,31,27,0.6857,0.73,49.1,0
2026-09-14 17:45,7,0,18,6,70,48,22,11,23,9,42.3,38.7,1,1,30,28,0.6857,0.6717,49.1,0
2026-09-14 18:00,7,0,17,8,70,48,22,11,23,9,44.0,39.8,2,2,30,29,0.6857,0.6767,48.1,0
2026-09-14 18:15,10,1,19,8,70,48,22,13,23,8,45.4,39.7,1,1,33,30,0.6857,0.6967,52.8,0
2026-09-14 18:30,5,0,16,8,70,48,22,12,24,8,43.8,39.8,2,2,29,30,0.6857,0.7033,44.9,1
2026-09-14 18:45,14,1,23,7,70,47,23,12,23,9,46.3,39.5,1,2,36,31,0.6714,0.675,58.9,1
2026-09-14 19:00,8,0,22,9,70,48,22,12,24,9,47.7,39.1,2,1,37,32,0.6857,0.69,59.5,1
2026-09-14 19:15,10,1,24,8,70,49,21,11,24,8,50.2,38.8,2,1,37,32,0.7,0.635,64.3,1
2026-09-14 19:30,10,1,27,7,70,48,22,12,23,8,54.0,38.7,2,3,42,31,0.6857,0.6333,73.7,1
2026-09-14 19:45,12,1,30,9,70,49,21,12,22,9,56.0,39.4,2,1,40,33,0.7,0.615,73.6,1
2026-09-14 20:00,9,1,32,7,70,49,21,12,23,8,60.7,39.8,2,2,41,31,0.7,0.6033,78.3,1
2026-09-14 20:15,13,1,36,9,70,49,21,12,24,9,64.9,38.8,2,2,44,32,0.7,0.615,80.3,1
2026-09-14 20:30,7,0,34,9,70,51,19,13,20,7,67.4,39.2,2,0,41,34,0.7286,0.545,79.1,1
2026-09-14 20:45,10,1,35,9,70,53,17,12,23,9,69.0,39.3,3,1,39,34,0.7571,0.585,78.4,1
2026-09-14 21:00,6,0,34,7,70,54,16,13,21,8,71.0,38.4,2,1,36,34,0.7714,0.5617,76.5,1
2026-09-14 21:15,9,1,33,10,70,55,15,13,21,8,73.0,39.6,2,1,32,35,0.7857,0.5617,73.1,1
2026-09-14 21:30,9,1,34,8,70,56,14,13,23,10,73.1,39.6,1,0,34,34,0.8,0.615,75.3,1
2026-09-14 21:45,5,0,31,8,70,56,14,12,22,9,73.2,39.7,2,2,29,33,0.8,0.575,72.9,1
2026-09-14 22:00,9,1,32,8,70,56,14,12,21,9,73.5,40.6,1,1,32,34,0.8,0.555,74.0,1
2026-09-14 22:15,3,0,26,9,70,57,13,13,22,8,72.4,40.3,2,1,26,33,0.8143,0.6017,70.6,1
2026-09-14 22:30,8,1,27,7,70,58,12,12,25,9,70.9,40.4,3,2,25,32,0.8286,0.63,71.8,1
2026-09-14 22:45,6,0,25,8,70,60,10,11,23,9,71.3,40.9,3,1,26,32,0.8571,0.5767,72.6,1
2026-09-14 23:00,1,0,21,5,70,60,10,8,17,6,72.2,41.2,1,1,18,29,0.8571,0.3867,69.3,1
2026-09-14 23:15,4,0,19,6,70,58,12,9,16,5,72.2,41.5,1,3,19,26,0.8286,0.3983,65.8,0
2026-09-14 23:30,1,0,16,4,70,57,13,8,18,6,69.5,41.6,1,2,12,23,0.8143,0.4417,61.2,0
2026-09-14 23:45,1,0,12,5,70,57,13,8,17,6,67.0,42.3,2,2,7,20,0.8143,0.4467,57.3,0
